onet_soc,title,R1,R2,R3,employment,union
11-1011.00,Chief Executives,-0.328695,2.12323,1.14277,211850,0.0263697
11-1011.03,Chief Sustainability Officers,-0.792034,1.29854,0.431634,211850,0.0263697
11-1021.00,General and Operations Managers,-0.323743,0.992456,0.700909,3584420,0.0383926
11-2011.00,Advertising and Promotions Managers,-1.18239,0.454749,0.145326,21100,0.00296167
11-2021.00,Marketing Managers,-1.0591,0.893142,0.199249,384980,0.024069
11-2022.00,Sales Managers,-1.02551,0.960857,0.896945,603710,0.0195352
11-2033.00,Fundraising Managers,-1.40566,0.221012,0.549253,36920,0.069524
11-3012.00,Administrative Services Managers,-0.233579,0.608951,0.702622,254140,0.0332903
11-3013.00,Facilities Managers,0.741584,1.02619,0.826751,141090,0.0302125
11-3013.01,Security Managers,0.69697,1.63253,1.39969,141090,0.0302125
11-3021.00,Computer and Information Systems Managers,-0.544382,1.32588,-0.524733,645970,0.025027
11-3031.00,Financial Managers,-1.1157,0.717098,0.233059,818620,0.0235117
11-3031.01,Treasurers and Controllers,-1.21927,1.11259,-0.433071,818620,0.0235117
11-3031.03,Investment Fund Managers,-1.35749,0.798415,-0.796604,818620,0.0235117
11-3051.00,Industrial Production Managers,0.664422,1.36519,0.137576,234380,0.0350254
11-3051.01,Quality Control Systems Managers,0.197878,1.75325,-0.220102,234380,0.0350254
11-3051.02,Geothermal Production Managers,0.916181,1.85337,0.0784474,234380,0.0350254
11-3051.03,Biofuels Production Managers,0.889609,1.37043,0.00552063,234380,0.0350254
11-3051.04,Biomass Power Plant Managers,1.05413,1.60003,-0.0346556,234380,0.0350254
11-3051.06,Hydroelectric Production Managers,1.00187,1.81056,-0.0354249,234380,0.0350254
11-3061.00,Purchasing Managers,-0.832353,1.1403,0.335742,81240,0.0659207
11-3071.00,"Transportation, Storage, and Distribution Managers",0.0236523,1.12776,0.515264,213000,0.0414529
11-3071.04,Supply Chain Managers,-0.529949,1.28722,0.24686,213000,0.0414529
11-3111.00,Compensation and Benefits Managers,-1.55428,0.272966,0.124994,20070,0.171152
11-3121.00,Human Resources Managers,-0.860303,1.26756,1.41202,215520,0.0536533
11-3131.00,Training and Development Managers,-1.10578,1.01103,0.402623,44960,0.0306517
11-9013.00,"Farmers, Ranchers, and Other Agricultural Managers",1.14191,1.09397,0.174667,5910,0.000943382
11-9021.00,Construction Managers,1.13136,1.9731,0.525385,348330,0.0599372
11-9031.00,"Education and Childcare Administrators, Preschool and Daycare",-0.379147,0.780888,1.74205,71620,0.19632
11-9032.00,"Education Administrators, Kindergarten through Secondary",-0.377308,1.76751,1.77996,319630,0.19632
11-9033.00,"Education Administrators, Postsecondary",-1.04532,1.0798,0.839187,176420,0.19632
11-9041.00,Architectural and Engineering Managers,-0.281874,1.70395,-0.541366,210340,0.0404146
11-9041.01,Biofuels/Biodiesel Technology and Product Development Managers,0.233739,1.38148,-1.03152,210340,0.0404146
11-9051.00,Food Service Managers,0.186432,0.344968,1.2728,244230,0.0195157
11-9071.00,Gambling Managers,-0.231326,0.717048,1.16452,4620,0.109762
11-9072.00,"Entertainment and Recreation Managers, Except Gambling",-0.233275,0.620538,1.42873,36700,0.109762
11-9081.00,Lodging Managers,-0.115194,1.0284,1.69834,41350,0.0526058
11-9111.00,Medical and Health Services Managers,-0.632442,1.43996,1.03935,565840,0.0619361
11-9121.00,Natural Sciences Managers,-0.280435,1.53123,-0.341609,100870,0.0621055
11-9121.01,Clinical Research Coordinators,-0.869823,0.428943,0.22315,100870,0.0621055
11-9121.02,Water Resource Specialists,-0.523123,1.3522,-1.02084,100870,0.0621055
11-9131.00,Postmasters and Mail Superintendents,-0.107973,0.961609,1.29294,13810,0.0542599
11-9141.00,"Property, Real Estate, and Community Association Managers",-0.861916,0.296051,0.741819,296640,0.021958
11-9151.00,Social and Community Service Managers,-0.713792,0.862424,1.40509,195490,0.0613853
11-9161.00,Emergency Management Directors,-0.00616381,1.46682,1.22802,12570,0.349288
11-9171.00,Funeral Home Managers,0.253463,0.597222,1.93897,13120,0.0542599
11-9179.01,Fitness and Wellness Coordinators,-0.216497,0.215543,1.46221,10490,0.0542599
11-9179.02,Spa Managers,-0.30593,0.677494,1.37538,10490,0.0542599
11-9199.01,Regulatory Affairs Managers,-1.1853,0.812068,-0.256678,630980,0.0542599
11-9199.02,Compliance Managers,-0.579004,0.768766,0.959749,630980,0.0542599
11-9199.08,Loss Prevention Managers,-0.0360002,1.00469,1.17656,630980,0.0542599
11-9199.09,Wind Energy Operations Managers,1.30911,1.69544,0.520651,630980,0.0542599
11-9199.10,Wind Energy Development Managers,-0.588839,0.991406,-0.262759,630980,0.0542599
11-9199.11,Brownfield Redevelopment Specialists and Site Managers,-0.605647,1.2201,-0.598564,630980,0.0542599
13-1011.00,"Agents and Business Managers of Artists, Performers, and Athletes",-1.74908,-0.482356,0.420808,14220,0
13-1021.00,"Buyers and Purchasing Agents, Farm Products",-0.602147,0.339345,0.139613,55130,0.0505828
13-1022.00,"Wholesale and Retail Buyers, Except Farm Products",-0.94326,0.0159545,-0.14611,55130,0.0505828
13-1023.00,"Purchasing Agents, Except Wholesale, Retail, and Farm Products",-1.01827,0.869455,0.104526,55130,0.0505828
13-1031.00,"Claims Adjusters, Examiners, and Investigators",-0.959098,0.425325,0.176266,305020,0.0337413
13-1032.00,"Insurance Appraisers, Auto Damage",-0.254106,-0.176895,0.128234,7790,0.0337413
13-1041.00,Compliance Officers,-0.206889,-0.0298552,0.886194,397770,0.130362
13-1041.01,Environmental Compliance Inspectors,0.118817,0.849965,-0.287216,397770,0.130362
13-1041.03,Equal Opportunity Representatives and Officers,-1.335,0.289248,0.543234,397770,0.130362
13-1041.04,Government Property Inspectors and Investigators,0.451908,1.09935,0.554284,397770,0.130362
13-1041.06,Coroners,0.806285,1.00274,1.86049,397770,0.130362
13-1041.07,Regulatory Affairs Specialists,-1.31386,0.546313,-0.487096,397770,0.130362
13-1041.08,Customs Brokers,-1.15701,0.353517,0.0283325,397770,0.130362
13-1051.00,Cost Estimators,-1.1808,0.721901,-1.38714,219530,0.0764401
13-1071.00,Human Resources Specialists,-1.27617,-0.133903,0.887313,917460,0.0660362
13-1074.00,Farm Labor Contractors,-0.18401,-1.3596,0.543902,410,0.0660362
13-1075.00,Labor Relations Specialists,-1.37068,0.0878019,0.639216,64590,0.0660362
13-1081.00,Logisticians,-0.642631,1.05689,0.169418,235640,0.075973
13-1081.01,Logistics Engineers,-0.34217,1.71711,-1.02561,235640,0.075973
13-1081.02,Logistics Analysts,-0.769377,0.821208,-0.491276,235640,0.075973
13-1111.00,Management Analysts,-0.969283,1.18599,0.397239,893900,0.0413517
13-1121.00,"Meeting, Convention, and Event Planners",-0.113515,0.841532,1.22358,134670,0.0287466
13-1131.00,Fundraisers,-1.40148,0.340376,0.558418,105930,0.029014
13-1141.00,"Compensation, Benefits, and Job Analysis Specialists",-1.45176,-0.0514566,-0.309647,102370,0.0681471
13-1151.00,Training and Development Specialists,-1.1181,0.599035,0.657421,436610,0.0506278
13-1161.00,Market Research Analysts and Marketing Specialists,-1.44489,0.757526,-0.568131,861140,0.0120047
13-1161.01,Search Marketing Strategists,-1.61221,0.537772,-1.03675,861140,0.0120047
13-1199.04,Business Continuity Planners,-1.11552,0.973011,-0.429164,1128200,0.0716403
13-1199.05,Sustainability Specialists,-0.971543,0.680974,-0.231141,1128200,0.0716403
13-1199.06,Online Merchants,-1.33155,-0.245364,-0.511253,1128200,0.0716403
13-1199.07,Security Management Specialists,0.212751,1.35873,0.56169,1128200,0.0716403
13-2011.00,Accountants and Auditors,-1.23407,0.416926,-0.388029,1448290,0.0477961
13-2022.00,Appraisers of Personal and Business Property,-0.66844,0.237637,-0.531669,55130,0.0505828
13-2023.00,Appraisers and Assessors of Real Estate,-0.777189,-0.120303,-0.976242,55130,0.0505828
13-2031.00,Budget Analysts,-1.32567,0.107894,-0.86847,47170,0.197928
13-2041.00,Credit Analysts,-1.71974,-0.238972,-1.3628,67370,0
13-2052.00,Personal Financial Advisors,-1.68783,0.356154,-0.482049,270480,0.0146179
13-2053.00,Insurance Underwriters,-1.54659,-0.295196,-0.466486,107820,0.0189177
13-2061.00,Financial Examiners,-1.34339,0.721083,-0.487518,62830,0.113983
13-2071.00,Credit Counselors,-1.72902,-0.396316,0.0901765,28110,0.0337701
13-2072.00,Loan Officers,-1.28923,0.000492659,0.0820851,290530,0.0337701
13-2081.00,"Tax Examiners and Collectors, and Revenue Agents",-1.25963,0.0346966,-0.018421,53530,0.429378
13-2082.00,Tax Preparers,-1.64466,-0.532303,-0.827151,73570,0.0391398
13-2099.01,Financial Quantitative Analysts,-1.56448,0.460639,-1.84962,127450,0.0453521
13-2099.04,"Fraud Examiners, Investigators and Analysts",-0.836978,0.73914,0.457954,127450,0.0453521
15-1211.00,Computer Systems Analysts,-0.724591,0.88288,-1.3801,497800,0.0579766
15-1211.01,Health Informatics Specialists,-0.760288,1.35981,-0.283963,497800,0.0579766
15-1212.00,Information Security Analysts,-0.780792,0.614655,-1.08739,179430,0.0428477
15-1221.00,Computer and Information Research Scientists,-0.862562,1.33448,-1.73117,38480,0.0159385
15-1231.00,Computer Network Support Specialists,-0.476918,0.212115,-1.07836,146450,0.058873
15-1232.00,Computer User Support Specialists,-0.41306,0.47117,-0.741202,697210,0.058873
15-1241.00,Computer Network Architects,-0.4087,1.16438,-1.43351,177010,0.0147981
15-1241.01,Telecommunications Engineering Specialists,-0.088676,0.78206,-0.906517,177010,0.0147981
15-1242.00,Database Administrators,-1.04612,0.507575,-1.48653,73180,0.0335934
15-1243.00,Database Architects,-1.09675,0.798626,-1.80492,64770,0.0335934
15-1243.01,Data Warehousing Specialists,-1.50065,0.229668,-2.01569,64770,0.0335934
15-1244.00,Network and Computer Systems Administrators,-0.410528,0.801892,-1.76861,318570,0.104943
15-1251.00,Computer Programmers,-1.19705,0.506887,-2.0479,109870,0.0269139
15-1252.00,Software Developers,-1.30839,0.316546,-2.21942,1654440,0.0193563
15-1253.00,Software Quality Assurance Analysts and Testers,-1.04611,0.566258,-1.54802,199800,0.0589731
15-1254.00,Web Developers,-1.20802,0.324763,-1.63764,78860,0.0490159
15-1255.01,Video Game Designers,-1.27139,0.548143,-1.46964,111400,0.00658278
15-1299.01,Web Administrators,-1.08139,0.567104,-1.2435,439380,0.0697466
15-1299.02,Geographic Information Systems Technologists and Technicians,-1.00889,0.352123,-1.42091,439380,0.0697466
15-1299.03,Document Management Specialists,-1.07916,0.431109,-0.56167,439380,0.0697466
15-1299.05,Information Security Engineers,-0.827116,0.738062,-1.21163,439380,0.0697466
15-1299.08,Computer Systems Engineers/Architects,-0.551592,1.06588,-1.34672,439380,0.0697466
15-1299.09,Information Technology Project Managers,-0.639163,1.51121,0.181266,439380,0.0697466
15-2011.00,Actuaries,-1.4846,0.89834,-1.64239,28340,0.0367525
15-2021.00,Mathematicians,-1.67473,0.491552,-2.24397,2220,0.0610167
15-2031.00,Operations Research Analysts,-1.30713,1.12565,-1.88963,107760,0.163722
15-2041.00,Statisticians,-1.47026,0.832989,-1.8737,29800,0.0610167
15-2041.01,Biostatisticians,-1.49994,0.708721,-1.49201,29800,0.0610167
15-2051.01,Business Intelligence Analysts,-1.7241,0.232093,-1.39052,233440,0.0610167
15-2051.02,Clinical Data Managers,-1.27698,0.64376,-0.993317,233440,0.0610167
15-2099.01,Bioinformatics Technicians,-1.12371,0.605083,-1.89699,4660,0.0610167
17-1011.00,"Architects, Except Landscape and Naval",-0.194222,1.72632,-0.562584,111140,0.0331532
17-1012.00,Landscape Architects,-0.625988,1.11054,-0.495645,19580,0.0135612
17-1021.00,Cartographers and Photogrammetrists,-0.692059,0.366492,-1.12567,12790,0.0342182
17-1022.00,Surveyors,0.702857,1.08941,-0.266782,53080,0.0342182
17-1022.01,Geodetic Surveyors,0.207113,1.11212,-1.42294,53080,0.0342182
17-2011.00,Aerospace Engineers,-0.503879,1.54624,-1.83816,68440,0.0875136
17-2021.00,Agricultural Engineers,0.439727,1.70259,-1.24322,1680,0.125979
17-2031.00,Bioengineers and Biomedical Engineers,-0.240403,1.79202,-1.73889,21860,0.125979
17-2041.00,Chemical Engineers,-0.128029,1.64342,-2.08413,20330,0.0928329
17-2051.00,Civil Engineers,-0.171944,1.67513,-1.15028,355410,0.089159
17-2051.01,Transportation Engineers,-0.256316,1.78804,-0.924127,355410,0.089159
17-2051.02,Water/Wastewater Engineers,-0.344008,1.76835,-1.26864,355410,0.089159
17-2061.00,Computer Hardware Engineers,-0.660192,1.2842,-2.07036,75710,0.0029292
17-2071.00,Electrical Engineers,-0.0806166,1.55914,-1.25729,188790,0.0871414
17-2072.00,"Electronics Engineers, Except Computer",-0.335623,1.24241,-2.40462,93940,0.0871414
17-2072.01,Radio Frequency Identification Device Specialists,-0.45989,0.854022,-0.982389,93940,0.0871414
17-2081.00,Environmental Engineers,-0.180484,1.54667,-0.667491,37950,0.128715
17-2111.00,"Health and Safety Engineers, Except Mining Safety Engineers and Inspectors",0.436722,1.19692,0.14662,23220,0.0568883
17-2111.02,Fire-Prevention and Protection Engineers,-0.102277,1.84103,-1.10733,23220,0.0568883
17-2112.00,Industrial Engineers,-0.122716,1.01048,-1.02684,350230,0.0568883
17-2112.01,Human Factors Engineers and Ergonomists,-0.444754,1.2772,-0.671696,350230,0.0568883
17-2112.02,Validation Engineers,-0.317835,1.15261,-1.08339,350230,0.0568883
17-2112.03,Manufacturing Engineers,0.585586,1.84649,-1.48505,350230,0.0568883
17-2121.00,Marine Engineers and Naval Architects,0.852728,1.47638,-1.14475,8440,0
17-2131.00,Materials Engineers,-0.00527973,1.53933,-1.51299,22770,0.103464
17-2141.00,Mechanical Engineers,-0.0808755,1.52785,-1.70826,286760,0.0443376
17-2141.01,Fuel Cell Engineers,-0.0428016,1.46835,-2.23581,286760,0.0443376
17-2141.02,Automotive Engineers,0.0287601,1.70426,-1.52744,286760,0.0443376
17-2151.00,"Mining and Geological Engineers, Including Mining Safety Engineers",-0.00915811,1.89109,-1.28723,6770,0.0773458
17-2161.00,Nuclear Engineers,0.0201985,1.96643,-1.59293,14740,0.0545838
17-2171.00,Petroleum Engineers,-0.469433,1.55598,-1.12953,18970,0.0773458
17-2199.03,"Energy Engineers, Except Wind and Solar",-0.330986,1.50695,-0.948615,150750,0.0545838
17-2199.05,Mechatronics Engineers,-0.198542,1.21111,-1.93748,150750,0.0545838
17-2199.06,Microsystems Engineers,-0.0887532,1.36867,-1.80591,150750,0.0545838
17-2199.07,Photonics Engineers,-0.297083,1.26561,-2.4059,150750,0.0545838
17-2199.08,Robotics Engineers,0.727328,2.11467,-1.86297,150750,0.0545838
17-2199.09,Nanosystems Engineers,0.0590558,1.71867,-1.77382,150750,0.0545838
17-2199.10,Wind Energy Engineers,-0.68533,0.804719,-1.61318,150750,0.0545838
17-2199.11,Solar Energy Systems Engineers,0.38003,1.09039,-0.947988,150750,0.0545838
17-3011.00,Architectural and Civil Drafters,-0.581603,0.472732,-1.55384,109550,0
17-3012.00,Electrical and Electronics Drafters,-0.616299,0.371457,-1.54714,20020,0.0852053
17-3013.00,Mechanical Drafters,-0.703008,0.233779,-2.15221,39900,0.0852053
17-3021.00,Aerospace Engineering and Operations Technologists and Technicians,0.665172,1.06124,-1.43302,9060,0.121807
17-3022.00,Civil Engineering Technologists and Technicians,-0.148663,0.699407,-1.07181,62130,0.121807
17-3023.00,Electrical and Electronic Engineering Technologists and Technicians,0.420013,0.724549,-1.24686,92710,0.157045
17-3024.00,Electro-Mechanical and Mechatronics Technologists and Technicians,1.17463,0.700448,-1.32056,14680,0.121807
17-3024.01,Robotics Technicians,1.21917,1.19353,-1.7181,14680,0.121807
17-3025.00,Environmental Engineering Technologists and Technicians,0.551005,0.596606,-0.813384,12500,0.121807
17-3026.00,Industrial Engineering Technologists and Technicians,0.325292,0.803628,-1.26398,73410,0.121807
17-3026.01,Nanotechnology Engineering Technologists and Technicians,0.59286,1.38365,-1.4278,73410,0.121807
17-3027.00,Mechanical Engineering Technologists and Technicians,0.938953,1.10737,-1.08614,37450,0.121807
17-3027.01,Automotive Engineering Technicians,0.954227,0.68043,-1.10194,37450,0.121807
17-3029.01,Non-Destructive Testing Specialists,1.37741,1.19467,-0.457869,64410,0.121807
17-3029.08,Photonics Technicians,0.445982,0.312513,-1.64672,64410,0.121807
17-3031.00,Surveying and Mapping Technicians,-0.084991,-0.165862,-0.909719,56720,0.0854253
19-1011.00,Animal Scientists,-0.055553,1.36944,-0.257193,2470,0.0569397
19-1012.00,Food Scientists and Technologists,0.168718,1.36508,-0.623909,14370,0.0569397
19-1013.00,Soil and Plant Scientists,0.219161,1.38329,-0.607287,16600,0.0569397
19-1021.00,Biochemists and Biophysicists,0.00537061,1.99835,-1.50649,34520,0.131426
19-1022.00,Microbiologists,0.105105,1.26164,-0.710642,19760,0.131426
19-1023.00,Zoologists and Wildlife Biologists,0.25529,1.02162,0.306286,16920,0.131426
19-1029.01,Bioinformatics Scientists,-0.89469,1.43845,-1.40895,59710,0.131426
19-1029.02,Molecular and Cellular Biologists,-0.216454,1.57248,-1.03303,59710,0.131426
19-1029.03,Geneticists,-0.718122,1.3409,-1.07469,59710,0.131426
19-1029.04,Biologists,0.0763548,1.46986,-0.514438,59710,0.131426
19-1031.00,Conservation Scientists,0.23376,0.874304,-0.142118,25590,0.0160997
19-1031.02,Range Managers,0.373492,0.852957,0.468232,25590,0.0160997
19-1031.03,Park Naturalists,0.0237156,0.335753,1.17641,25590,0.0160997
19-1032.00,Foresters,0.626418,1.15517,0.176742,9650,0.0160997
19-1041.00,Epidemiologists,-1.09987,1.45221,-0.259392,11460,0.0651333
19-1042.00,"Medical Scientists, Except Epidemiologists",-0.564676,1.08848,-0.941598,156300,0.0651333
19-2011.00,Astronomers,-0.978405,1.30454,-1.9332,1560,0.0874208
19-2012.00,Physicists,-0.895232,1.72406,-2.07881,21340,0.0874208
19-2021.00,Atmospheric and Space Scientists,-1.09572,0.865482,-1.14729,8780,0.289379
19-2031.00,Chemists,0.0156825,1.08159,-1.35037,83250,0.0688171
19-2032.00,Materials Scientists,-0.321553,1.28384,-1.79053,8330,0.0688171
19-2041.00,"Environmental Scientists and Specialists, Including Health",-0.454078,1.01225,-0.497649,84930,0.189168
19-2041.01,Climate Change Policy Analysts,-1.44867,0.544646,-0.855721,84930,0.189168
19-2041.02,Environmental Restoration Planners,-0.0729419,1.29471,-0.329439,84930,0.189168
19-2041.03,Industrial Ecologists,-1.09711,0.890943,-1.62299,84930,0.189168
19-2042.00,"Geoscientists, Except Hydrologists and Geographers",-0.207227,1.11534,-0.826396,22510,0.0774064
19-2043.00,Hydrologists,-0.157006,1.19858,-1.20477,5720,0.0774064
19-2099.01,Remote Sensing Scientists and Technologists,-0.709231,1.43353,-1.65396,22580,0.100161
19-3011.00,Economists,-1.74976,0.540812,-1.1284,15880,0.0347895
19-3011.01,Environmental Economists,-1.78413,0.463118,-1.78471,15880,0.0347895
19-3022.00,Survey Researchers,-1.38878,1.01078,-0.619618,7720,0.112736
19-3032.00,Industrial-Organizational Psychologists,-1.27137,1.43556,0.158044,1050,0.0881719
19-3033.00,Clinical and Counseling Psychologists,-1.42989,0.220364,1.28732,72190,0
19-3034.00,School Psychologists,-1.44594,0.0187641,0.753272,63830,0.481292
19-3039.02,Neuropsychologists,-1.0482,0.880243,0.589458,17790,0.0881719
19-3039.03,Clinical Neuropsychologists,-0.963533,0.899616,0.852322,17790,0.0881719
19-3041.00,Sociologists,-1.68803,0.322955,0.0498132,2950,0.112736
19-3051.00,Urban and Regional Planners,-1.1334,0.944288,0.1394,43040,0.288646
19-3091.00,Anthropologists and Archeologists,-0.93498,0.607837,0.248134,8070,0.112736
19-3092.00,Geographers,-1.26065,0.56604,-0.827294,1380,0.112736
19-3093.00,Historians,-1.34784,-0.190439,-0.0713753,3140,0.112736
19-3094.00,Political Scientists,-1.73577,0.297675,-0.221942,5950,0.112736
19-3099.01,Transportation Planners,-1.01257,1.16212,-0.565068,36970,0.112736
19-4012.00,Agricultural Technicians,0.830816,-0.131349,-0.565193,14340,0
19-4012.01,Precision Agriculture Technicians,0.533976,0.795258,-0.561289,14340,0
19-4013.00,Food Science Technicians,0.107708,-0.0221139,-0.718547,14200,0
19-4021.00,Biological Technicians,-0.23666,0.182744,-1.58482,76190,0.422545
19-4031.00,Chemical Technicians,0.498854,0.706855,-1.21549,55640,0.119137
19-4042.00,"Environmental Science and Protection Technicians, Including Health",0.327955,0.575721,-0.281849,39390,0.160082
19-4043.00,"Geological Technicians, Except Hydrologic Technicians",0.109872,0.0134745,-1.29623,9710,0.160082
19-4051.00,Nuclear Technicians,1.41708,0.82223,-0.618579,5990,0.160082
19-4051.02,Nuclear Monitoring Technicians,0.774513,0.877814,-0.435907,5990,0.160082
19-4061.00,Social Science Research Assistants,-1.56522,-0.174722,-1.28082,32940,0.0964205
19-4071.00,Forest and Conservation Technicians,1.30153,0.638755,0.688097,31080,0.0964205
19-4092.00,Forensic Science Technicians,0.666195,0.662347,0.476576,19450,0.0964205
19-4099.01,Quality Control Analysts,0.241565,0.107781,-1.20945,71400,0.0964205
19-4099.03,Remote Sensing Technicians,-0.535163,0.634922,-1.68301,71400,0.0964205
19-5011.00,Occupational Health and Safety Specialists,0.566217,1.48162,0.23117,128430,0.102615
19-5012.00,Occupational Health and Safety Technicians,0.6385,1.02296,0.408319,31450,0.102615
21-1011.00,Substance Abuse and Behavioral Disorder Counselors,-0.511758,0.540102,1.93117,55130,0.0505828
21-1012.00,"Educational, Guidance, and Career Counselors and Advisors",-1.22021,0.194706,1.25924,342350,0.276929
21-1013.00,Marriage and Family Therapists,-1.35357,0.0272621,1.504,65870,0
21-1014.00,Mental Health Counselors,-1.32554,0.272182,1.79146,55130,0.0505828
21-1015.00,Rehabilitation Counselors,-0.976273,0.0679733,1.52566,88930,0.0927906
21-1021.00,"Child, Family, and School Social Workers",-0.596666,0.364607,2.19901,382960,0.341497
21-1022.00,Healthcare Social Workers,-0.91761,-0.0199992,2.15935,185940,0.172356
21-1023.00,Mental Health and Substance Abuse Social Workers,-0.884934,0.477679,1.67637,125910,0.34645
21-1091.00,Health Education Specialists,-0.723592,0.501497,1.60066,65150,0.138189
21-1092.00,Probation Officers and Correctional Treatment Specialists,-0.20185,-0.018898,1.91418,86820,0.417488
21-1093.00,Social and Human Service Assistants,-0.656675,-0.22106,1.65995,424220,0.100565
21-1094.00,Community Health Workers,-0.18417,0.318421,1.76197,60730,0.138189
21-2011.00,Clergy,-1.17306,0.309045,1.73381,58080,0.0103364
21-2021.00,"Directors, Religious Activities and Education",-1.15028,0.251598,1.01646,21460,0
23-1011.00,Lawyers,-1.30813,0.829001,0.702396,747750,0.0819255
23-1012.00,Judicial Law Clerks,-1.85536,-0.63976,-0.784335,13220,0.176496
23-1021.00,"Administrative Law Judges, Adjudicators, and Hearing Officers",-1.47155,-0.0504458,0.353733,16230,0.0819255
23-1022.00,"Arbitrators, Mediators, and Conciliators",-1.58622,-0.2148,-0.109687,7860,0.0819255
23-1023.00,"Judges, Magistrate Judges, and Magistrates",-1.29088,0.420696,0.985245,25580,0.0819255
23-2011.00,Paralegals and Legal Assistants,-1.62231,-0.692675,-0.22708,367220,0.0431603
23-2093.00,"Title Examiners, Abstractors, and Searchers",-1.3923,-0.644945,-0.65863,48170,0.0509045
25-1011.00,"Business Teachers, Postsecondary",-1.57151,0.201146,0.0209293,81780,0.238221
25-1021.00,"Computer Science Teachers, Postsecondary",-1.10942,0.973616,-0.337613,36240,0.238221
25-1022.00,"Mathematical Science Teachers, Postsecondary",-1.59734,0.00351043,-0.628948,48820,0.238221
25-1031.00,"Architecture Teachers, Postsecondary",-0.804602,1.11995,0.0761426,9120,0.238221
25-1032.00,"Engineering Teachers, Postsecondary",-0.83486,1.33899,-1.1321,39910,0.238221
25-1041.00,"Agricultural Sciences Teachers, Postsecondary",-0.517721,0.987247,0.544872,8700,0.238221
25-1042.00,"Biological Science Teachers, Postsecondary",-0.809617,1.06089,0.0921811,53250,0.238221
25-1043.00,"Forestry and Conservation Science Teachers, Postsecondary",-0.422887,1.04622,0.366853,1310,0.238221
25-1051.00,"Atmospheric, Earth, Marine, and Space Sciences Teachers, Postsecondary",-1.0116,0.689504,-0.122925,11480,0.238221
25-1052.00,"Chemistry Teachers, Postsecondary",-0.820852,0.894673,-0.379233,20390,0.238221
25-1053.00,"Environmental Science Teachers, Postsecondary",-0.89996,0.812808,-0.0986231,7130,0.238221
25-1054.00,"Physics Teachers, Postsecondary",-0.798965,0.999437,-0.777167,13590,0.238221
25-1061.00,"Anthropology and Archeology Teachers, Postsecondary",-1.10953,0.780859,0.859213,5260,0.238221
25-1062.00,"Area, Ethnic, and Cultural Studies Teachers, Postsecondary",-1.51794,0.143975,0.716337,11430,0.238221
25-1063.00,"Economics Teachers, Postsecondary",-1.62064,0.0967244,-0.616034,12420,0.238221
25-1064.00,"Geography Teachers, Postsecondary",-1.40844,0.337817,-0.139189,3290,0.238221
25-1065.00,"Political Science Teachers, Postsecondary",-1.81313,-0.198275,0.309478,17170,0.238221
25-1066.00,"Psychology Teachers, Postsecondary",-1.47801,0.409118,0.614056,41610,0.238221
25-1067.00,"Sociology Teachers, Postsecondary",-1.74616,0.0195671,0.404485,12380,0.238221
25-1071.00,"Health Specialties Teachers, Postsecondary",-0.774164,0.592427,0.847052,229720,0.238221
25-1072.00,"Nursing Instructors and Teachers, Postsecondary",-0.208733,0.972408,1.63369,74250,0.238221
25-1081.00,"Education Teachers, Postsecondary",-1.34018,0.323697,0.777137,59090,0.238221
25-1082.00,"Library Science Teachers, Postsecondary",-1.44801,0.39153,0.229606,4100,0.238221
25-1111.00,"Criminal Justice and Law Enforcement Teachers, Postsecondary",-1.38503,-0.0380764,0.746399,13560,0.238221
25-1112.00,"Law Teachers, Postsecondary",-1.72947,-0.0275302,0.1274,22800,0.238221
25-1113.00,"Social Work Teachers, Postsecondary",-1.45919,0.409196,0.972659,13350,0.238221
25-1121.00,"Art, Drama, and Music Teachers, Postsecondary",-0.873275,0.231209,0.99009,97890,0.238221
25-1122.00,"Communications Teachers, Postsecondary",-1.48267,0.09008,0.827406,29260,0.238221
25-1123.00,"English Language and Literature Teachers, Postsecondary",-1.71216,-0.0306601,0.841363,59590,0.238221
25-1124.00,"Foreign Language and Literature Teachers, Postsecondary",-1.93376,-0.670868,0.222157,21170,0.238221
25-1125.00,"History Teachers, Postsecondary",-1.71742,0.0271048,0.444258,19860,0.238221
25-1126.00,"Philosophy and Religion Teachers, Postsecondary",-1.8151,-0.285273,0.381737,20840,0.238221
25-1192.00,"Family and Consumer Sciences Teachers, Postsecondary",-1.26183,0.0757154,0.438087,2630,0.238221
25-1193.00,"Recreation and Fitness Studies Teachers, Postsecondary",-0.857131,0.433545,0.895214,12680,0.238221
25-1194.00,"Career/Technical Education Teachers, Postsecondary",0.0470889,0.438213,0.513712,111150,0.238221
25-2011.00,"Preschool Teachers, Except Special Education",-0.608865,-0.850323,1.43715,445080,0.169749
25-2012.00,"Kindergarten Teachers, Except Special Education",-0.639589,-0.0754647,1.65262,114410,0.169749
25-2021.00,"Elementary School Teachers, Except Special Education",-0.697817,0.283118,1.74952,1393310,0.479226
25-2022.00,"Middle School Teachers, Except Special and Career/Technical Education",-0.852926,0.492208,1.26292,620370,0.479226
25-2023.00,"Career/Technical Education Teachers, Middle School",-0.241291,0.582774,1.01001,14200,0.479226
25-2031.00,"Secondary School Teachers, Except Special and Career/Technical Education",-0.876118,0.420148,1.14386,1072540,0.54687
25-2032.00,"Career/Technical Education Teachers, Secondary School",0.35904,1.18949,1.32465,104450,0.54687
25-2051.00,"Special Education Teachers, Preschool",-0.554259,-0.257593,1.61207,28200,0.513379
25-2056.00,"Special Education Teachers, Elementary School",-0.589814,0.489116,1.07852,55130,0.0505828
25-2057.00,"Special Education Teachers, Middle School",-0.873267,-0.0763789,1.43864,95330,0.513379
25-2058.00,"Special Education Teachers, Secondary School",-0.587472,0.648908,1.58656,162780,0.513379
25-2059.01,Adapted Physical Education Specialists,-0.0380502,-0.192957,1.86432,39350,0.513379
25-3011.00,"Adult Basic Education, Adult Secondary Education, and English as a Second Language Instructors",-1.45252,-0.451927,0.3686,36260,0.148165
25-3021.00,Self-Enrichment Teachers,-1.14793,-0.950269,0.329168,308520,0.148165
25-3031.00,"Substitute Teachers, Short-Term",-1.31768,-1.28985,0.419605,481300,0.148165
25-3041.00,Tutors,-1.59447,-0.298709,0.449335,174660,0.0402963
25-4011.00,Archivists,-0.854053,0.101067,0.019103,7050,0.103606
25-4012.00,Curators,-0.662708,0.630757,0.224038,12280,0.103606
25-4013.00,Museum Technicians and Conservators,-0.0847819,-0.228431,-0.456745,13070,0.103606
25-4022.00,Librarians and Media Collections Specialists,-0.976023,-0.190012,0.588711,131830,0.259095
25-4031.00,Library Technicians,-0.955094,-1.3511,0.160405,73770,0.260396
25-9021.00,Farm and Home Management Educators,-0.210645,0.995105,0.740875,10260,0.168808
25-9031.00,Instructional Coordinators,-0.982884,0.99094,0.976551,210850,0.168808
25-9042.00,"Teaching Assistants, Preschool, Elementary, Middle, and Secondary School, Except Special Education",-0.298644,-0.405386,1.37623,55130,0.0505828
25-9043.00,"Teaching Assistants, Special Education",-0.804242,-0.938211,1.05677,55130,0.0505828
25-9044.00,"Teaching Assistants, Postsecondary",-1.33279,-0.524073,-0.262191,155010,0.266684
27-1011.00,Art Directors,-1.1819,0.398578,-0.506434,50370,0.0418624
27-1012.00,Craft Artists,-0.773504,-1.20874,-1.58262,4370,0.0418624
27-1013.00,"Fine Artists, Including Painters, Sculptors, and Illustrators",-0.804802,-1.09612,-1.6791,10000,0.0418624
27-1014.00,Special Effects Artists and Animators,-0.936294,0.197288,-0.997999,21280,0.0418624
27-1021.00,Commercial and Industrial Designers,-0.392013,0.779567,-1.41818,30250,0
27-1022.00,Fashion Designers,-0.582028,0.369953,-0.457852,20910,0.0390918
27-1023.00,Floral Designers,-0.557051,-1.09791,0.089114,40160,0.0743395
27-1024.00,Graphic Designers,-1.22989,-0.0200693,-0.642515,214260,0.0312845
27-1025.00,Interior Designers,-0.629365,0.949629,-0.0464055,69580,0.0221706
27-1026.00,Merchandise Displayers and Window Trimmers,-0.134613,-0.91992,0.344175,192480,0
27-1027.00,Set and Exhibit Designers,-0.288441,0.649561,-0.743375,10850,0.0616902
27-2011.00,Actors,-1.25294,-1.86515,0.968257,38800,0.207092
27-2012.00,Producers and Directors,-0.386014,0.972852,0.270887,145270,0.090853
27-2012.03,Media Programming Directors,-0.625223,1.1219,0.390171,145270,0.090853
27-2012.04,Talent Directors,-1.43528,-0.360293,0.496022,145270,0.090853
27-2012.05,Media Technical Directors/Managers,0.167097,0.913601,-0.154123,145270,0.090853
27-2021.00,Athletes and Sports Competitors,0.800781,-0.307622,1.23896,14370,0.0501207
27-2022.00,Coaches and Scouts,-0.0926477,0.755426,1.4265,250940,0.0633136
27-2023.00,"Umpires, Referees, and Other Sports Officials",-0.369501,-1.12978,0.488278,15080,0
27-2031.00,Dancers,-0.204944,-2.58057,1.28603,9060,0.287495
27-2032.00,Choreographers,-0.0306075,-0.704608,1.91728,3430,0.287495
27-2041.00,Music Directors and Composers,-0.734748,-0.226173,0.552323,12330,0.100458
27-2042.00,Musicians and Singers,-0.698259,-1.2835,-0.0599626,38350,0.13881
27-3011.00,Broadcast Announcers and Radio Disc Jockeys,-0.834826,-0.194766,0.381594,23880,0.0255954
27-3023.00,"News Analysts, Reporters, and Journalists",-0.95183,-0.196142,0.432949,41550,0.200689
27-3031.00,Public Relations Specialists,-1.39346,0.273975,0.819197,280590,0.0921406
27-3041.00,Editors,-1.24497,0.14869,-0.070549,95480,0.046222
27-3042.00,Technical Writers,-1.40386,-0.298629,-1.05406,55530,0.0611026
27-3043.00,Writers and Authors,-1.68319,-0.810849,0.429172,47800,0.0597819
27-3043.05,"Poets, Lyricists and Creative Writers",-2.10075,-1.03455,-1.23081,47800,0.0597819
27-3091.00,Interpreters and Translators,-0.874168,-0.334093,0.888888,53360,0.149847
27-3092.00,Court Reporters and Simultaneous Captioners,-1.40498,-1.54947,-0.461286,12630,0.178418
27-4011.00,Audio and Video Technicians,0.293224,0.392615,-0.559246,70080,0.138814
27-4012.00,Broadcast Technicians,0.360564,0.479231,-1.044,21080,0.138814
27-4014.00,Sound Engineering Technicians,-0.0728753,0.27601,-0.664612,13050,0.138814
27-4021.00,Photographers,0.00826706,-0.0101428,0.235035,51230,0.159757
27-4031.00,"Camera Operators, Television, Video, and Film",0.527793,-0.0665817,0.0360295,24460,0.0755104
27-4032.00,Film and Video Editors,-0.810033,0.262638,-0.667469,28860,0.0755104
29-1011.00,Chiropractors,-0.244242,0.332896,1.35918,37630,0.00794759
29-1021.00,"Dentists, General",0.993091,1.52494,1.15258,113490,0.039009
29-1022.00,Oral and Maxillofacial Surgeons,0.710389,1.28192,1.23625,5330,0.039009
29-1023.00,Orthodontists,0.0500803,0.927717,0.830923,5150,0.039009
29-1024.00,Prosthodontists,0.63685,0.988588,1.0279,760,0.039009
29-1031.00,Dietitians and Nutritionists,-1.0952,0.663036,0.555106,76570,0.15055
29-1041.00,Optometrists,-0.114604,1.1873,0.833153,41890,0
29-1051.00,Pharmacists,-0.217941,0.777932,0.764718,328870,0.0348208
29-1071.00,Physician Assistants,0.0279015,1.08649,1.70354,155540,0.0790697
29-1071.01,Anesthesiologist Assistants,0.789179,0.516213,0.505267,155540,0.0790697
29-1081.00,Podiatrists,0.0390305,1.0369,0.903978,9520,0
29-1122.00,Occupational Therapists,-0.187804,0.547806,1.70567,152280,0.158484
29-1122.01,"Low Vision Therapists, Orientation and Mobility Specialists, and Vision Rehabilitation Therapists",-0.316581,-0.111518,1.26973,152280,0.158484
29-1123.00,Physical Therapists,0.113752,0.390561,1.87946,248630,0.0716077
29-1124.00,Radiation Therapists,0.881275,0.488514,0.830605,18700,0.040977
29-1125.00,Recreational Therapists,-0.107217,-0.00105858,2.24846,15060,0
29-1126.00,Respiratory Therapists,0.699619,0.49769,1.03413,136420,0.094124
29-1127.00,Speech-Language Pathologists,-0.822163,0.577908,1.10504,178790,0.298017
29-1128.00,Exercise Physiologists,-0.308208,0.206427,1.10298,8110,0.0602463
29-1129.01,Art Therapists,-0.693589,0.10222,1.64948,19320,0.0602463
29-1129.02,Music Therapists,-0.4595,-0.0607356,1.86974,19320,0.0602463
29-1131.00,Veterinarians,0.323406,0.649931,1.01457,80630,0.0528202
29-1141.00,Registered Nurses,0.454585,0.807195,1.85354,3282010,0.197423
29-1141.01,Acute Care Nurses,0.537318,0.943759,1.98833,3282010,0.197423
29-1141.02,Advanced Practice Psychiatric Nurses,-0.714602,0.97492,1.59238,3282010,0.197423
29-1141.03,Critical Care Nurses,0.805262,1.06286,1.83302,3282010,0.197423
29-1141.04,Clinical Nurse Specialists,0.0723626,1.07695,1.68403,3282010,0.197423
29-1151.00,Nurse Anesthetists,1.01649,1.72263,1.15022,50350,0
29-1161.00,Nurse Midwives,0.121063,0.836061,1.97774,8280,0.076478
29-1171.00,Nurse Practitioners,0.165041,1.10258,1.64037,307390,0.076478
29-1181.00,Audiologists,-0.174658,1.12774,0.980932,14730,0.0908176
29-1211.00,Anesthesiologists,0.69831,1.3976,0.691315,41890,0.0746879
29-1213.00,Dermatologists,-0.353975,0.558834,1.23716,10080,0.0746879
29-1214.00,Emergency Medicine Physicians,0.58485,1.36123,2.24391,33680,0.0746879
29-1215.00,Family Medicine Physicians,-0.703908,0.645357,1.32143,107950,0.0746879
29-1216.00,General Internal Medicine Physicians,-0.203509,1.08325,1.07184,66640,0.0746879
29-1217.00,Neurologists,-0.394777,1.59996,1.05315,7700,0.0746879
29-1218.00,Obstetricians and Gynecologists,0.1429,1.23373,1.60001,19900,0.0746879
29-1221.00,"Pediatricians, General",-0.473209,0.726854,1.5512,42960,0.0746879
29-1222.00,"Physicians, Pathologists",-0.215723,1.3759,-0.381221,11800,0.0746879
29-1223.00,Psychiatrists,-0.890845,0.766245,1.80376,24800,0.0746879
29-1224.00,Radiologists,0.124365,1.38241,0.380668,26290,0.0746879
29-1229.01,Allergists and Immunologists,-0.477168,1.11059,1.0512,315360,0.0746879
29-1229.02,Hospitalists,-0.0648288,1.17221,1.80363,315360,0.0746879
29-1229.03,Urologists,0.567732,1.62863,1.51921,315360,0.0746879
29-1229.04,Physical Medicine and Rehabilitation Physicians,0.119987,1.29166,1.59602,315360,0.0746879
29-1229.05,Preventive Medicine Physicians,-0.488074,1.70709,0.940155,315360,0.0746879
29-1229.06,Sports Medicine Physicians,0.349824,1.25488,1.23969,315360,0.0746879
29-1241.00,"Ophthalmologists, Except Pediatric",0.541383,1.58354,1.08753,12110,0.0673269
29-1291.00,Acupuncturists,-0.826302,-0.676633,0.977616,8440,0
29-1292.00,Dental Hygienists,0.0711235,-0.485921,0.65902,219070,0.035038
29-1299.01,Naturopathic Physicians,-0.757822,0.814833,0.958354,30870,0.152573
29-1299.02,Orthoptists,-0.759554,-0.0428057,0.603922,30870,0.152573
29-2011.00,Medical and Clinical Laboratory Technologists,0.654607,1.17491,-0.367012,55130,0.0505828
29-2011.01,Cytogenetic Technologists,-0.237728,0.475603,-1.2099,55130,0.0505828
29-2011.02,Cytotechnologists,-0.4535,-0.286282,-1.07397,55130,0.0505828
29-2011.04,Histotechnologists,0.221354,-0.183573,-0.789048,55130,0.0505828
29-2012.00,Medical and Clinical Laboratory Technicians,0.293085,0.285794,-0.50102,55130,0.0505828
29-2012.01,Histology Technicians,0.076774,-0.584072,-0.885184,55130,0.0505828
29-2031.00,Cardiovascular Technologists and Technicians,0.296052,0.023159,0.591935,61180,0.227497
29-2032.00,Diagnostic Medical Sonographers,0.246909,-0.0243114,0.80475,86460,0.193967
29-2033.00,Nuclear Medicine Technologists,0.274794,0.375169,0.491447,16960,0.142957
29-2034.00,Radiologic Technologists and Technicians,0.548015,-0.280957,1.12968,223460,0.0974958
29-2035.00,Magnetic Resonance Imaging Technologists,0.363094,0.216655,0.427657,41530,0.145357
29-2036.00,Medical Dosimetrists,-0.541914,1.0054,-1.14829,3970,0.142957
29-2051.00,Dietetic Technicians,0.418478,0.273718,1.12545,29950,0.123477
29-2052.00,Pharmacy Technicians,-0.15645,-0.201396,0.665332,487920,0.110813
29-2053.00,Psychiatric Technicians,-0.290204,-0.565043,1.96324,136300,0.0995109
29-2055.00,Surgical Technologists,0.860175,0.0478763,0.604886,113890,0.132258
29-2056.00,Veterinary Technologists and Technicians,0.663975,0.258791,0.769296,131320,0.067858
29-2057.00,Ophthalmic Medical Technicians,-0.596115,-0.908605,0.604912,76520,0.123477
29-2061.00,Licensed Practical and Licensed Vocational Nurses,0.263072,0.171172,1.73933,632430,0.140759
29-2081.00,"Opticians, Dispensing",-0.151935,0.513252,0.647938,79690,0.0805243
29-2091.00,Orthotists and Prosthetists,0.570394,1.0279,0.553788,9930,0.128995
29-2092.00,Hearing Aid Specialists,-0.491112,0.0205914,0.485237,10580,0.128995
29-2099.01,Neurodiagnostic Technologists,0.296558,0.428303,0.741785,174060,0.128995
29-2099.05,Ophthalmic Medical Technologists,-0.403797,-0.494999,0.864908,174060,0.128995
29-2099.08,Patient Representatives,-0.79591,-0.0345977,1.51198,174060,0.128995
29-9091.00,Athletic Trainers,0.260381,0.150183,1.56985,28950,0.0505697
29-9092.00,Genetic Counselors,-1.50763,0.175675,0.469795,3510,0.0505697
29-9093.00,Surgical Assistants,0.979026,0.362709,0.999714,22860,0.0505697
29-9099.01,Midwives,-0.136554,0.355179,1.5781,36970,0.0505697
31-1121.00,Home Health Aides,-0.115348,-0.857795,1.08559,55130,0.0505828
31-1122.00,Personal Care Aides,0.203007,-0.763969,1.6786,55130,0.0505828
31-1131.00,Nursing Assistants,0.0891232,-1.18991,1.63329,1388430,0.0941878
31-1132.00,Orderlies,0.197429,-1.99644,1.55581,53020,0.138956
31-1133.00,Psychiatric Aides,0.170568,-0.582029,1.97495,34900,0.138956
31-2011.00,Occupational Therapy Assistants,0.116113,-0.255014,1.99559,47910,0.0777556
31-2012.00,Occupational Therapy Aides,0.0246675,-0.663422,1.86777,5000,0.0777556
31-2021.00,Physical Therapist Assistants,0.104197,-0.215437,1.56501,108010,0.00978908
31-2022.00,Physical Therapist Aides,-0.217709,-1.10997,1.20399,44010,0.00978908
31-9011.00,Massage Therapists,-0.768011,-1.6856,1.08334,96040,0
31-9091.00,Dental Assistants,0.269042,-0.323641,1.01566,375430,0.047349
31-9092.00,Medical Assistants,-0.0550026,0.30194,1.12444,793460,0.087973
31-9093.00,Medical Equipment Preparers,0.964443,-0.164323,0.297357,72760,0.16239
31-9094.00,Medical Transcriptionists,-1.28791,-1.12488,-0.353091,43070,0
31-9095.00,Pharmacy Aides,-0.388207,-0.870146,0.656567,41100,0.175631
31-9096.00,Veterinary Assistants and Laboratory Animal Caretakers,0.40849,-0.626585,0.868254,114190,0.021386
31-9097.00,Phlebotomists,0.40913,-0.159855,1.39868,138880,0.0341832
31-9099.01,Speech-Language Pathology Assistants,-1.17115,-0.588575,0.428842,103650,0.16239
31-9099.02,Endoscopy Technicians,0.648802,-0.149478,0.621735,103650,0.16239
33-1011.00,First-Line Supervisors of Correctional Officers,0.85752,0.600308,2.69964,53390,0.328979
33-1012.00,First-Line Supervisors of Police and Detectives,0.970286,1.00728,2.33484,153130,0.542607
33-1021.00,First-Line Supervisors of Firefighting and Prevention Workers,1.96402,1.3476,2.03364,93680,0.429188
33-1091.00,First-Line Supervisors of Security Workers,0.771532,0.903689,1.75315,70310,0.126864
33-2011.00,Firefighters,2.29027,0.739696,1.68311,332240,0.682549
33-2021.00,Fire Inspectors and Investigators,0.837475,0.775938,1.04457,14050,0.562899
33-2022.00,Forest Fire Inspectors and Prevention Specialists,1.33452,0.741419,1.28603,2780,0.562899
33-3011.00,Bailiffs,-0.231596,-1.0762,1.76257,16910,0.457976
33-3012.00,Correctional Officers and Jailers,0.979951,0.217227,2.26185,365380,0.380632
33-3021.00,Detectives and Criminal Investigators,0.80199,0.863212,2.0078,110790,0.333512
33-3021.02,Police Identification and Records Officers,0.190839,0.139206,0.373474,110790,0.333512
33-3021.06,Intelligence Analysts,-1.25556,0.507054,-0.266339,110790,0.333512
33-3031.00,Fish and Game Wardens,1.07814,0.611794,1.63487,6420,0.1118
33-3041.00,Parking Enforcement Workers,0.433271,-0.723596,0.972337,7770,0.1118
33-3051.00,Police and Sheriff's Patrol Officers,1.34155,0.700578,2.65987,666990,0.541023
33-3051.04,Customs and Border Protection Officers,0.739667,0.488838,1.6512,666990,0.541023
33-3052.00,Transit and Railroad Police,1.2256,0.455244,2.24928,3000,0.541023
33-9011.00,Animal Control Workers,0.682877,-0.334032,2.19395,11790,0.672026
33-9021.00,Private Detectives and Investigators,-0.505409,0.326473,0.2833,38700,0.108019
33-9031.00,Gambling Surveillance Officers and Gambling Investigators,-0.0853958,0.272559,0.367753,10000,0.113344
33-9032.00,Security Guards,0.45193,-0.0907448,1.87095,1241770,0.113344
33-9091.00,Crossing Guards and Flaggers,-0.401852,-2.51655,0.574237,90180,0.225426
33-9092.00,"Lifeguards, Ski Patrol, and Other Recreational Protective Service Workers",0.390083,-1.13246,1.53359,143590,0.0797283
33-9093.00,Transportation Security Screeners,0.591536,-0.856849,1.0455,46340,0.418426
33-9099.02,Retail Loss Prevention Specialists,0.0503543,0.239746,1.05728,83110,0.0797283
35-1011.00,Chefs and Head Cooks,1.00532,0.712802,1.26801,182320,0.0353597
35-1012.00,First-Line Supervisors of Food Preparation and Serving Workers,0.0204405,-0.0346008,1.08577,1187460,0.0673008
35-2011.00,"Cooks, Fast Food",-0.88218,-2.36979,0.0127281,668230,0.0483949
35-2012.00,"Cooks, Institution and Cafeteria",0.156995,-0.8101,0.398629,448260,0.0483949
35-2013.00,"Cooks, Private Household",-0.376992,-1.09644,-0.385899,900,0.0483949
35-2014.00,"Cooks, Restaurant",-0.30193,-2.23307,-0.578123,1452130,0.0483949
35-2015.00,"Cooks, Short Order",-0.333005,-1.91215,-0.274387,150420,0.0483949
35-2021.00,Food Preparation Workers,-0.653187,-2.34728,-0.26946,888770,0.067176
35-3011.00,Bartenders,-0.282358,-1.07438,0.997385,745610,0.0283446
35-3023.00,Fast Food and Counter Workers,-0.720904,-2.54086,0.617168,3780930,0.0378301
35-3023.01,Baristas,-0.12524,-1.5391,0.602804,3780930,0.0378301
35-3031.00,Waiters and Waitresses,-0.646606,-2.0329,0.830573,2302690,0.0278929
35-3041.00,"Food Servers, Nonrestaurant",-0.181481,-1.65514,0.819257,271780,0.110896
35-9011.00,Dining Room and Cafeteria Attendants and Bartender Helpers,-0.4275,-2.33083,0.829563,522010,0.0579319
35-9021.00,Dishwashers,-0.502886,-2.75716,-0.430229,471670,0.0611254
35-9031.00,"Hosts and Hostesses, Restaurant, Lounge, and Coffee Shop",-0.838445,-2.06238,0.902435,427150,0.000642985
37-1011.00,First-Line Supervisors of Housekeeping and Janitorial Workers,0.399088,-0.085979,1.04108,174660,0.0802785
37-1012.00,"First-Line Supervisors of Landscaping, Lawn Service, and Groundskeeping Workers",1.59215,0.902237,1.09777,124130,0.0474184
37-2011.00,"Janitors and Cleaners, Except Maids and Housekeeping Cleaners",-0.0258955,-1.76048,0.147956,2199900,0.14177
37-2012.00,Maids and Housekeeping Cleaners,-0.535142,-2.527,0.270457,854910,0.0689344
37-2021.00,Pest Control Workers,1.05069,-0.0133518,0.44775,96110,0
37-3011.00,Landscaping and Groundskeeping Workers,0.696179,-2.01069,-0.192018,943430,0.0465029
37-3012.00,"Pesticide Handlers, Sprayers, and Applicators, Vegetation",0.975175,-0.454436,0.139134,25200,0.0214603
37-3013.00,Tree Trimmers and Pruners,1.6325,-0.863112,0.281445,47870,0.151778
39-1013.00,First-Line Supervisors of Gambling Services Workers,-0.00859611,-0.30318,1.24118,25530,0.0276698
39-1022.00,First-Line Supervisors of Personal Service Workers,-0.052419,0.138656,1.67042,107060,0.0276698
39-2011.00,Animal Trainers,0.301589,-0.638249,1.15538,20110,0
39-2021.00,Animal Caretakers,-0.0399761,-1.43636,0.779817,277300,0.0222433
39-3011.00,Gambling Dealers,-0.92775,-2.25045,0.428374,82980,0.194546
39-3012.00,Gambling and Sports Book Writers and Runners,-0.869566,-1.59515,0.0332361,7600,0.194546
39-3021.00,Motion Picture Projectionists,-0.256933,-1.45497,-1.00697,1950,0.0594699
39-3031.00,"Ushers, Lobby Attendants, and Ticket Takers",-0.902464,-2.20312,0.597998,119210,0.0908953
39-3091.00,Amusement and Recreation Attendants,-0.551575,-1.9272,0.730346,371590,0.0594699
39-3092.00,Costume Attendants,-0.307054,-1.0851,0.0611784,6290,0.0594699
39-3093.00,"Locker Room, Coatroom, and Dressing Room Attendants",-1.38352,-3.00096,0.566974,14960,0.0594699
39-4011.00,Embalmers,0.482912,-0.333628,1.21221,3420,0
39-4021.00,Funeral Attendants,-0.721492,-1.96489,0.406205,30560,0
39-4031.00,"Morticians, Undertakers, and Funeral Arrangers",0.161414,0.135371,1.66473,25700,0
39-5011.00,Barbers,-0.562418,-1.93093,0.122998,18100,0.0227159
39-5012.00,"Hairdressers, Hairstylists, and Cosmetologists",-0.346405,-0.796749,0.464299,295460,0.00951198
39-5091.00,"Makeup Artists, Theatrical and Performance",0.108492,-0.197434,0.622679,3320,0.0162817
39-5092.00,Manicurists and Pedicurists,-1.312,-2.4483,-0.612116,147820,0.00262034
39-5093.00,Shampooers,-0.88948,-2.2922,0.495368,8890,0.0162817
39-5094.00,Skincare Specialists,-0.354561,-0.526144,0.961195,70240,0.028171
39-6011.00,Baggage Porters and Bellhops,0.330993,-1.26015,1.31753,31220,0.280818
39-6012.00,Concierges,-1.11822,-0.752655,1.26122,44200,0.280818
39-7011.00,Tour Guides and Escorts,-1.18219,-1.76903,0.725286,55130,0.0505828
39-7012.00,Travel Guides,-0.141323,-0.142571,1.01156,55130,0.0505828
39-9011.00,Childcare Workers,-0.515064,-1.17705,1.05399,520180,0.0686497
39-9011.01,Nannies,-0.0585094,-0.92396,1.63039,520180,0.0686497
39-9031.00,Exercise Trainers and Group Fitness Instructors,-0.176786,-1.4437,1.64048,303620,0.0125027
39-9032.00,Recreation Workers,-0.166807,0.06742,1.67076,309640,0.025756
39-9041.00,Residential Advisors,-0.298382,-0.120637,1.83959,82810,0.0430786
41-1011.00,First-Line Supervisors of Retail Sales Workers,-0.439077,-0.296234,1.27296,1113160,0.0373058
41-1012.00,First-Line Supervisors of Non-Retail Sales Workers,-0.525619,0.774526,0.74515,219010,0.0352655
41-2011.00,Cashiers,-0.972915,-2.17803,0.320226,3148030,0.0437062
41-2012.00,Gambling Change Persons and Booth Cashiers,-0.272073,-1.16447,0.430573,21930,0.0437062
41-2021.00,Counter and Rental Clerks,-0.383738,-0.894073,0.575888,398620,0.0115708
41-2022.00,Parts Salespersons,0.337475,0.0346045,0.863017,265060,0.0473281
41-2031.00,Retail Salespersons,-0.737818,-1.02044,0.820922,3800250,0.0207855
41-3011.00,Advertising Sales Agents,-1.22219,-0.162277,0.375998,97470,0
41-3021.00,Insurance Sales Agents,-1.44254,-0.472723,0.110631,469480,0.0142284
41-3031.00,"Securities, Commodities, and Financial Services Sales Agents",-1.37342,0.145,-0.155948,472300,0.0140433
41-3041.00,Travel Agents,-1.47604,-0.456392,0.0135825,59150,0.0312101
41-4011.00,"Sales Representatives, Wholesale and Manufacturing, Technical and Scientific Products",-1.18727,-0.413149,0.0126093,293930,0.0337259
41-4011.07,Solar Sales Representatives and Assessors,-0.864889,0.18005,-0.476625,293930,0.0337259
41-4012.00,"Sales Representatives, Wholesale and Manufacturing, Except Technical and Scientific Products",-0.879241,-0.577316,0.675772,1266860,0.0337259
41-9011.00,Demonstrators and Product Promoters,-0.708056,-1.22325,0.629105,64770,0.0459966
41-9012.00,Models,-1.74586,-3.64975,-0.603902,5350,0.0459966
41-9021.00,Real Estate Brokers,-1.17746,-0.114833,0.505403,49590,0.0486336
41-9022.00,Real Estate Sales Agents,-0.533416,0.259304,1.09788,190600,0.0486336
41-9031.00,Sales Engineers,-1.06111,0.910781,-0.770784,56690,0
41-9041.00,Telemarketers,-1.77121,-1.57297,0.255615,66430,0
41-9091.00,"Door-to-Door Sales Workers, News and Street Vendors, and Related Workers",-1.74927,-1.57949,0.54559,4590,0.0453822
43-1011.00,First-Line Supervisors of Office and Administrative Support Workers,-0.693936,0.719454,0.61705,1495580,0.0628578
43-2011.00,"Switchboard Operators, Including Answering Service",-1.42405,-1.68537,0.471602,35730,0.0185985
43-2021.00,Telephone Operators,-1.29842,-1.55085,0.380157,3950,0.197746
43-3011.00,Bill and Account Collectors,-1.56961,-1.11582,-0.0019597,165020,0.0599259
43-3021.00,Billing and Posting Clerks,-1.46113,-0.933808,-0.73808,417500,0.0294487
43-3031.00,"Bookkeeping, Accounting, and Auditing Clerks",-1.46122,-0.853625,-0.696893,1455770,0.03948
43-3041.00,Gambling Cage Workers,-0.768378,-1.19629,0.272292,13490,0.0561662
43-3051.00,Payroll and Timekeeping Clerks,-1.6339,-0.874511,-0.889687,156950,0.125817
43-3061.00,Procurement Clerks,-1.1938,-0.221934,-0.158912,59900,0
43-3071.00,Tellers,-0.588439,-0.521683,0.485092,339340,0.0379595
43-4011.00,Brokerage Clerks,-1.54073,-0.698988,-0.572162,40090,0.0990164
43-4021.00,Correspondence Clerks,-1.49402,-0.696323,-0.261067,6260,0.0567541
43-4031.00,"Court, Municipal, and License Clerks",-1.2163,-0.729786,0.228628,170010,0.330763
43-4041.00,"Credit Authorizers, Checkers, and Clerks",-1.29755,-0.680344,0.326863,11960,0
43-4051.00,Customer Service Representatives,-1.13212,-0.539632,0.555385,2725930,0.048277
43-4061.00,"Eligibility Interviewers, Government Programs",-1.57852,-0.644257,0.418096,156260,0.430842
43-4071.00,File Clerks,-0.773818,-0.253017,0.216793,78980,0.109753
43-4081.00,"Hotel, Motel, and Resort Desk Clerks",-0.885223,-0.746849,0.947942,261430,0.0768258
43-4111.00,"Interviewers, Except Eligibility and Loan",-0.965552,-0.298041,1.10894,157310,0.0777869
43-4121.00,"Library Assistants, Clerical",-0.919413,-1.28949,0.517348,80070,0.220325
43-4131.00,Loan Interviewers and Clerks,-1.29946,0.00990422,-0.175968,173100,0
43-4141.00,New Accounts Clerks,-1.33414,-0.977626,0.396768,38030,0
43-4151.00,Order Clerks,-0.770522,0.0248082,-0.0685958,83420,0.0567541
43-4161.00,"Human Resources Assistants, Except Payroll and Timekeeping",-1.29091,-0.395226,0.502844,92580,0.0779822
43-4171.00,Receptionists and Information Clerks,-1.39174,-1.3496,0.561158,964530,0.0447155
43-4181.00,Reservation and Transportation Ticket Agents and Travel Clerks,-0.454675,-0.516079,1.16769,127440,0.287821
43-5011.00,Cargo and Freight Agents,-0.274117,-0.63376,0.0950355,97800,0.240116
43-5011.01,Freight Forwarders,-0.27605,0.714379,0.510821,97800,0.240116
43-5021.00,Couriers and Messengers,0.0455184,-1.65642,0.151782,71920,0.104179
43-5031.00,Public Safety Telecommunicators,-0.25352,0.402141,1.67775,101140,0.329663
43-5032.00,"Dispatchers, Except Police, Fire, and Ambulance",-0.576398,-0.0288291,0.905858,211000,0.132663
43-5041.00,"Meter Readers, Utilities",0.812183,-1.07493,0.00263506,19620,0.20043
43-5051.00,Postal Service Clerks,-0.272609,-1.08049,0.401944,78060,0.760625
43-5052.00,Postal Service Mail Carriers,-0.26543,-2.52309,0.0610233,336040,0.747038
43-5053.00,"Postal Service Mail Sorters, Processors, and Processing Machine Operators",-0.251771,-2.04824,-0.549851,111930,0.604128
43-5061.00,"Production, Planning, and Expediting Clerks",-0.612903,-0.214186,-0.811797,385000,0.089562
43-5071.00,"Shipping, Receiving, and Inventory Clerks",0.212752,-0.727426,0.0507099,857630,0.102498
43-5111.00,"Weighers, Measurers, Checkers, and Samplers, Recordkeeping",0.41986,-0.159116,-0.318542,49720,0.0369668
43-6011.00,Executive Secretaries and Executive Administrative Assistants,-1.22899,-0.143264,0.126166,472770,0.0412078
43-6012.00,Legal Secretaries and Administrative Assistants,-1.37368,-0.82933,0.0573957,154540,0.0512299
43-6013.00,Medical Secretaries and Administrative Assistants,-1.30434,-0.803111,0.742714,830760,0.035569
43-6014.00,"Secretaries and Administrative Assistants, Except Legal, Medical, and Executive",-1.42883,-0.87333,0.232067,1737820,0.0861043
43-9021.00,Data Entry Keyers,-0.904472,-0.673396,-0.406331,135280,0.0268684
43-9022.00,Word Processors and Typists,-1.34192,-1.31628,-0.529132,36030,0.164252
43-9031.00,Desktop Publishers,-0.865821,-0.0306534,-1.2795,4000,0.102097
43-9041.00,Insurance Claims and Policy Processing Clerks,-1.48809,-0.938363,-0.466486,229070,0.0523152
43-9051.00,"Mail Clerks and Mail Machine Operators, Except Postal Service",-0.230427,-1.49658,-0.147747,62730,0.058994
43-9061.00,"Office Clerks, General",-1.29395,-1.12313,-0.0690174,2510550,0.114494
43-9071.00,"Office Machine Operators, Except Computer",-0.408431,-1.06565,-1.01424,24740,0
43-9081.00,Proofreaders and Copy Markers,-1.95148,-1.81876,-1.41696,5160,0.110927
43-9111.00,Statistical Assistants,-1.38514,0.278023,-1.14903,5900,0.231234
45-1011.00,"First-Line Supervisors of Farming, Fishing, and Forestry Workers",1.24666,0.522342,0.35659,29530,0.0263809
45-2011.00,Agricultural Inspectors,0.554309,0.229661,0.294893,12090,0.15567
45-2021.00,Animal Breeders,-0.103308,-1.30278,-0.717158,1730,0.01086
45-2041.00,"Graders and Sorters, Agricultural Products",-0.564816,-2.4579,-0.554335,26870,0
45-2091.00,Agricultural Equipment Operators,0.849986,-1.18808,-0.470108,30940,0.01086
45-2092.00,"Farmworkers and Laborers, Crop, Nursery, and Greenhouse",0.947599,-1.22983,-0.20338,261690,0.01086
45-2093.00,"Farmworkers, Farm, Ranch, and Aquacultural Animals",0.941891,-0.709745,0.0257401,35420,0.01086
45-3031.00,Fishing and Hunting Workers,1.40978,-0.636035,0.22822,55130,0.0405206
45-4011.00,Forest and Conservation Workers,0.909931,-0.677492,0.300147,5630,0
45-4021.00,Fallers,1.29241,-1.80029,-0.889906,4110,0.0391102
45-4022.00,Logging Equipment Operators,1.35903,-0.664523,-0.651536,22520,0.0391102
45-4023.00,Log Graders and Scalers,0.682777,-0.34172,-0.472731,3310,0.0391102
47-1011.00,First-Line Supervisors of Construction Trades and Extraction Workers,1.27742,0.688173,0.540031,806080,0.138785
47-1011.03,Solar Energy Installation Managers,1.36972,0.797346,0.453507,806080,0.138785
47-2011.00,Boilermakers,1.38585,-0.345601,-0.546472,10170,0.324521
47-2021.00,Brickmasons and Blockmasons,1.67048,-0.489144,-0.0462045,53520,0.194381
47-2022.00,Stonemasons,1.72009,-0.128153,0.171212,8750,0.194381
47-2031.00,Carpenters,1.68473,0.239635,0.102595,697740,0.134199
47-2041.00,Carpet Installers,0.85053,-0.951228,-0.115289,14980,0.0276423
47-2042.00,"Floor Layers, Except Carpet, Wood, and Hard Tiles",0.168122,-1.30185,-0.241468,24850,0.0276423
47-2043.00,Floor Sanders and Finishers,1.1989,-1.01742,0.0808541,4140,0.0276423
47-2044.00,Tile and Stone Setters,0.749897,-0.969483,-0.70787,38740,0.0276423
47-2051.00,Cement Masons and Concrete Finishers,1.64525,-0.789098,0.403219,205230,0.18929
47-2053.00,Terrazzo Workers and Finishers,1.12957,-1.20688,-0.368551,1450,0.18929
47-2061.00,Construction Laborers,1.38587,-0.857838,0.150344,1057660,0.0962014
47-2071.00,"Paving, Surfacing, and Tamping Equipment Operators",1.42128,-1.05557,-0.0822658,45680,0.221
47-2072.00,Pile Driver Operators,1.74944,-0.721458,-0.280325,3040,0.221
47-2073.00,Operating Engineers and Other Construction Equipment Operators,1.69952,-0.252537,-0.0342368,469270,0.221
47-2081.00,Drywall and Ceiling Tile Installers,0.842735,-1.43646,-0.443539,82900,0.0614555
47-2082.00,Tapers,0.240038,-2.26148,-0.371784,12500,0.0614555
47-2111.00,Electricians,2.24114,0.877767,0.228597,742580,0.32087
47-2121.00,Glaziers,1.25923,-0.759309,0.009649,57000,0.13439
47-2131.00,"Insulation Workers, Floor, Ceiling, and Wall",1.08732,-1.37144,-0.133437,38610,0.188564
47-2132.00,"Insulation Workers, Mechanical",1.11086,-0.839094,0.28254,25640,0.188564
47-2141.00,"Painters, Construction and Maintenance",0.767093,-1.24221,0.507862,224180,0.0521952
47-2142.00,Paperhangers,0.425277,-1.80192,-0.17601,1520,0.0521952
47-2151.00,Pipelayers,0.960362,-1.2948,0.00182895,33580,0.165313
47-2152.00,"Plumbers, Pipefitters, and Steamfitters",1.7399,-0.0282668,-0.247728,455940,0.234036
47-2152.04,Solar Thermal Installers and Technicians,1.33287,0.252291,-0.228929,455940,0.234036
47-2161.00,Plasterers and Stucco Masons,1.04664,-1.07167,-0.0445202,20880,0.0827857
47-2171.00,Reinforcing Iron and Rebar Workers,1.38033,-1.18529,0.0242764,14140,0.194381
47-2181.00,Roofers,1.62361,-0.67041,0.583709,136740,0.0868347
47-2211.00,Sheet Metal Workers,1.51191,0.0143988,-0.399616,117470,0.240645
47-2221.00,Structural Iron and Steel Workers,2.15573,-0.533401,0.209582,64720,0.465451
47-2231.00,Solar Photovoltaic Installers,1.75892,0.118201,-0.124187,28280,0.117343
47-3011.00,"Helpers--Brickmasons, Blockmasons, Stonemasons, and Tile and Marble Setters",1.55111,-1.03383,-0.429865,15660,0.0239221
47-3012.00,Helpers--Carpenters,1.37052,-0.797286,-0.184876,24610,0.0239221
47-3013.00,Helpers--Electricians,1.65575,-0.119319,0.135575,64440,0.0239221
47-3014.00,"Helpers--Painters, Paperhangers, Plasterers, and Stucco Masons",0.511913,-2.23134,-0.0312831,7220,0.0239221
47-3015.00,"Helpers--Pipelayers, Plumbers, Pipefitters, and Steamfitters",0.969078,-1.26238,-0.117291,43640,0.0239221
47-3016.00,Helpers--Roofers,1.47112,-0.826211,0.398288,5170,0.0239221
47-4011.00,Construction and Building Inspectors,0.443537,0.666695,0.218921,137210,0.15207
47-4011.01,Energy Auditors,0.542678,0.887367,-0.593423,137210,0.15207
47-4021.00,Elevator and Escalator Installers and Repairers,1.78549,0.218075,-0.314995,23340,0.728982
47-4031.00,Fence Erectors,1.30425,-1.11465,0.415325,22640,0.150522
47-4041.00,Hazardous Materials Removal Workers,1.40596,0.0511874,0.323841,50570,0.195769
47-4051.00,Highway Maintenance Workers,1.64838,-0.530419,0.844931,151750,0.190052
47-4061.00,Rail-Track Laying and Maintenance Equipment Operators,2.02966,-0.0858625,0.199468,16480,0.899734
47-4071.00,Septic Tank Servicers and Sewer Pipe Cleaners,1.51986,-0.700133,0.228271,29050,0.136483
47-4091.00,Segmental Pavers,0.93424,-0.497554,0.602661,55130,0.0505828
47-4099.03,Weatherization Installers and Technicians,1.52574,0.316814,0.137251,55130,0.0505828
47-5011.00,"Derrick Operators, Oil and Gas",2.16375,-0.438941,0.329683,11040,0.114608
47-5012.00,"Rotary Drill Operators, Oil and Gas",1.95463,0.278666,0.329625,13090,0.114608
47-5013.00,"Service Unit Operators, Oil and Gas",2.38805,0.625084,0.502028,44120,0.114608
47-5022.00,"Excavating and Loading Machine and Dragline Operators, Surface Mining",1.76301,-0.313552,-0.33883,34210,0.222956
47-5023.00,"Earth Drillers, Except Oil and Gas",1.60501,-0.349497,-0.529142,17410,0.222956
47-5032.00,"Explosives Workers, Ordnance Handling Experts, and Blasters",1.85862,0.705184,0.153787,5680,0.115207
47-5041.00,Continuous Mining Machine Operators,1.83852,-0.577822,-0.340135,14340,0.15269
47-5043.00,"Roof Bolters, Mining",2.20732,-0.756174,0.0699876,2230,0.15269
47-5044.00,"Loading and Moving Machine Operators, Underground Mining",1.23094,-1.38749,-0.484938,6130,0.15269
47-5051.00,"Rock Splitters, Quarry",0.700335,-1.92234,-0.691755,3080,0.119813
47-5071.00,"Roustabouts, Oil and Gas",1.57307,-0.821286,0.0191664,45330,0.114608
47-5081.00,Helpers--Extraction Workers,2.29031,0.065119,0.246815,6720,0.119813
49-1011.00,"First-Line Supervisors of Mechanics, Installers, and Repairers",1.24947,1.24129,0.0359134,600680,0.0977452
49-2011.00,"Computer, Automated Teller, and Office Machine Repairers",0.25305,-0.460746,-0.961376,73010,0.0998003
49-2021.00,"Radio, Cellular, and Tower Equipment Installers and Repairers",1.17898,0.4738,-0.343617,11400,0.184413
49-2022.00,"Telecommunications Equipment Installers and Repairers, Except Line Installers",1.37684,0.390574,-0.18436,153890,0.184413
49-2091.00,Avionics Technicians,0.926983,0.599963,-0.922548,20900,0.165372
49-2092.00,"Electric Motor, Power Tool, and Related Repairers",1.65702,0.386254,-0.813927,16570,0.291174
49-2093.00,"Electrical and Electronics Installers and Repairers, Transportation Equipment",1.21574,-0.0345574,-0.743882,7310,0.211023
49-2094.00,"Electrical and Electronics Repairers, Commercial and Industrial Equipment",1.04407,0.57858,-1.25133,59990,0.211023
49-2095.00,"Electrical and Electronics Repairers, Powerhouse, Substation, and Relay",1.58453,0.640828,-0.71495,23040,0.211023
49-2096.00,"Electronic Equipment Installers and Repairers, Motor Vehicles",1.25231,0.229261,-0.524616,10140,0.211023
49-2097.00,Audiovisual Equipment Installers and Repairers,0.875685,0.0905899,-0.76956,22170,0.111852
49-2098.00,Security and Fire Alarm Systems Installers,1.01502,0.0197006,-0.333546,81510,0.0993076
49-3011.00,Aircraft Mechanics and Service Technicians,2.18839,1.18691,-0.604697,136390,0.279689
49-3021.00,Automotive Body and Related Repairers,1.22057,-0.546543,-0.701981,155220,0.0271175
49-3022.00,Automotive Glass Installers and Repairers,0.425539,-1.59851,-0.376431,18940,0
49-3023.00,Automotive Service Technicians and Mechanics,1.52914,-0.00142984,-0.484328,688840,0.0542201
49-3031.00,Bus and Truck Mechanics and Diesel Engine Specialists,1.95404,0.0287914,-0.542749,287230,0.139205
49-3041.00,Farm Equipment Mechanics and Service Technicians,1.84067,0.204351,-0.750009,36880,0.23559
49-3042.00,"Mobile Heavy Equipment Mechanics, Except Engines",2.10151,0.320947,-0.623245,180270,0.23559
49-3043.00,Rail Car Repairers,1.82054,-0.395128,-0.613942,18300,0.23559
49-3051.00,Motorboat Mechanics and Service Technicians,1.42944,-0.346342,-0.613379,24250,0.0218917
49-3052.00,Motorcycle Mechanics,1.44846,0.0318523,-0.160559,14010,0.0218917
49-3053.00,Outdoor Power Equipment and Other Small Engine Mechanics,1.05461,-0.48987,-0.672618,34240,0.0218917
49-3091.00,Bicycle Repairers,0.650516,-0.259538,0.0740589,12590,0.0289953
49-3092.00,Recreational Vehicle Service Technicians,0.966315,-0.552864,-0.800679,18710,0.0289953
49-3093.00,Tire Repairers and Changers,1.15131,-1.10222,0.281581,106620,0.0289953
49-9011.00,Mechanical Door Repairers,1.34718,-0.476008,-0.219003,27970,0.420287
49-9012.00,"Control and Valve Installers and Repairers, Except Mechanical Door",1.4172,0.0425082,-0.364885,46920,0.420287
49-9021.00,"Heating, Air Conditioning, and Refrigeration Mechanics and Installers",1.65987,0.383465,-0.215114,396870,0.164818
49-9031.00,Home Appliance Repairers,0.954255,-0.257655,-0.153722,31940,0
49-9041.00,Industrial Machinery Mechanics,1.54292,0.000219201,-1.19175,421940,0.112633
49-9043.00,"Maintenance Workers, Machinery",1.28839,-0.472232,-0.979608,56540,0.143127
49-9044.00,Millwrights,2.42248,0.696665,0.0790583,40660,0.309677
49-9045.00,"Refractory Materials Repairers, Except Brickmasons",1.39443,-1.18538,-0.475893,1100,0.112633
49-9051.00,Electrical Power-Line Installers and Repairers,2.10109,-0.011525,0.226951,123680,0.455463
49-9052.00,Telecommunications Line Installers and Repairers,1.39867,-0.271412,0.244055,98360,0.273474
49-9061.00,Camera and Photographic Equipment Repairers,-0.469502,-0.67301,-1.95966,2010,0.0709429
49-9062.00,Medical Equipment Repairers,0.854079,0.158801,-1.08765,60830,0.0709429
49-9063.00,Musical Instrument Repairers and Tuners,0.405814,-0.446029,-1.16128,5730,0.0709429
49-9064.00,Watch and Clock Repairers,-0.335405,-0.843034,-1.76063,1300,0.0709429
49-9071.00,"Maintenance and Repair Workers, General",1.68211,0.176258,-0.283591,1531700,0.108462
49-9081.00,Wind Turbine Service Technicians,2.3802,0.667379,0.0369751,11220,0.125087
49-9091.00,"Coin, Vending, and Amusement Machine Servicers and Repairers",0.210798,-1.36499,-0.904663,28260,0.118274
49-9092.00,Commercial Divers,1.91949,0.394934,0.262943,3430,0.125087
49-9094.00,Locksmiths and Safe Repairers,1.13703,0.140653,-0.0775078,15550,0.329782
49-9095.00,Manufactured Building and Mobile Home Installers,2.52747,0.739125,0.948289,2610,0.125087
49-9096.00,Riggers,1.66664,-0.516734,0.125833,24190,0.542596
49-9097.00,Signal and Track Switch Repairers,1.44799,-0.379906,-0.938001,8210,0.125087
49-9098.00,"Helpers--Installation, Maintenance, and Repair Workers",1.41713,-0.696747,-0.386422,97540,0.0733615
49-9099.01,Geothermal Technicians,1.75875,0.754673,-0.716131,183690,0.125087
51-1011.00,First-Line Supervisors of Production and Operating Workers,1.03058,0.934546,0.462079,685140,0.0928924
51-2011.00,"Aircraft Structure, Surfaces, Rigging, and Systems Assemblers",0.98304,-0.16653,-0.875925,32890,0.162388
51-2021.00,"Coil Winders, Tapers, and Finishers",0.274461,-1.31469,-0.638925,12170,0.155958
51-2022.00,Electrical and Electronic Equipment Assemblers,0.250164,-0.84317,-1.25927,55130,0.0505828
51-2023.00,Electromechanical Equipment Assemblers,0.120238,-0.965117,-1.59651,55130,0.0505828
51-2031.00,Engine and Other Machine Assemblers,0.968453,-0.92133,-0.857742,38420,0
51-2041.00,Structural Metal Fabricators and Fitters,0.714157,-1.1587,-0.716494,53380,0.297751
51-2051.00,Fiberglass Laminators and Fabricators,1.11055,-0.754853,-0.317961,18520,0.162388
51-2061.00,Timing Device Assemblers and Adjusters,-0.233227,-1.13822,-1.77294,230,0.162388
51-2092.00,Team Assemblers,0.493491,-0.687607,-0.585873,55130,0.0505828
51-3011.00,Bakers,-0.0852825,-1.23994,-0.446656,231890,0.0706406
51-3021.00,Butchers and Meat Cutters,0.477517,-1.05233,0.36011,140040,0.23174
51-3022.00,"Meat, Poultry, and Fish Cutters and Trimmers",0.682582,-1.01644,0.429961,141090,0.23174
51-3023.00,Slaughterers and Meat Packers,-0.141972,-2.49574,-0.539876,67500,0.23174
51-3091.00,"Food and Tobacco Roasting, Baking, and Drying Machine Operators and Tenders",0.630495,-0.839798,-0.538639,19500,0.298311
51-3092.00,Food Batchmakers,0.485246,-0.732977,-0.708578,171660,0.0797962
51-3093.00,Food Cooking Machine Operators and Tenders,0.363273,-1.07574,-0.717898,27660,0
51-4021.00,"Extruding and Drawing Machine Setters, Operators, and Tenders, Metal and Plastic",1.06275,-0.789422,-0.848214,65700,0.195589
51-4022.00,"Forging Machine Setters, Operators, and Tenders, Metal and Plastic",1.00875,-0.661036,-0.623281,8760,0.195589
51-4023.00,"Rolling Machine Setters, Operators, and Tenders, Metal and Plastic",1.4544,-0.133403,-0.685223,22350,0.195589
51-4031.00,"Cutting, Punching, and Press Machine Setters, Operators, and Tenders, Metal and Plastic",0.55432,-1.5841,-1.42772,174430,0
51-4032.00,"Drilling and Boring Machine Tool Setters, Operators, and Tenders, Metal and Plastic",0.767237,-0.488433,-1.52981,5310,0
51-4033.00,"Grinding, Lapping, Polishing, and Buffing Machine Tool Setters, Operators, and Tenders, Metal and Plastic",0.816894,-0.703138,-1.23204,70110,0.0937913
51-4034.00,"Lathe and Turning Machine Tool Setters, Operators, and Tenders, Metal and Plastic",0.61253,-0.686126,-1.15629,18970,0
51-4035.00,"Milling and Planing Machine Setters, Operators, and Tenders, Metal and Plastic",0.811617,-0.838513,-1.2476,13810,0
51-4041.00,Machinists,0.753031,-0.529285,-1.39521,298790,0.0975251
51-4051.00,Metal-Refining Furnace Operators and Tenders,1.47452,-0.461359,-0.734487,20330,0.193716
51-4052.00,"Pourers and Casters, Metal",0.570991,-1.50041,-1.1009,5830,0.193716
51-4061.00,"Model Makers, Metal and Plastic",0.588693,-0.694111,-2.34416,3230,0.0810523
51-4062.00,"Patternmakers, Metal and Plastic",0.527426,-0.688504,-1.44614,1570,0.0810523
51-4071.00,Foundry Mold and Coremakers,0.995793,-1.44221,-0.389427,12720,0.0810523
51-4072.00,"Molding, Coremaking, and Casting Machine Setters, Operators, and Tenders, Metal and Plastic",0.911309,-1.05948,-1.03003,154820,0.0810523
51-4081.00,"Multiple Machine Tool Setters, Operators, and Tenders, Metal and Plastic",0.930775,0.0163821,-1.13794,129850,0.122372
51-4111.00,Tool and Die Makers,0.642024,-0.318794,-1.83293,55130,0.186831
51-4121.00,"Welders, Cutters, Solderers, and Brazers",0.472205,-1.56741,-1.25215,424040,0.173588
51-4122.00,"Welding, Soldering, and Brazing Machine Setters, Operators, and Tenders",0.995781,-0.766941,-0.936054,36290,0.173588
51-4191.00,"Heat Treating Equipment Setters, Operators, and Tenders, Metal and Plastic",1.16286,-0.799145,-0.867451,14590,0.122372
51-4192.00,"Layout Workers, Metal and Plastic",1.1346,-0.261144,-0.984536,5610,0.122372
51-4193.00,"Plating Machine Setters, Operators, and Tenders, Metal and Plastic",0.834963,-0.766249,-0.503894,31510,0.122372
51-4194.00,"Tool Grinders, Filers, and Sharpeners",0.92588,-0.625066,-1.39168,5730,0.122372
51-5111.00,Prepress Technicians and Workers,-0.580257,-0.36294,-1.42345,23070,0.0128498
51-5112.00,Printing Press Operators,0.818104,-0.417692,-0.777051,145110,0.0510578
51-5113.00,Print Binding and Finishing Workers,0.616827,-0.781857,-0.75036,36470,0
51-6011.00,Laundry and Dry-Cleaning Workers,-0.145618,-1.98424,-0.231493,195360,0.0221877
51-6021.00,"Pressers, Textile, Garment, and Related Materials",-0.259132,-2.66981,-1.15198,26830,0.07477
51-6031.00,Sewing Machine Operators,-0.387241,-2.0858,-1.53074,109590,0.0467102
51-6041.00,Shoe and Leather Workers and Repairers,-0.0931094,-1.57925,-0.743758,7640,0
51-6042.00,Shoe Machine Operators and Tenders,0.340347,-1.16597,-0.658731,3270,0
51-6051.00,"Sewers, Hand",-0.607079,-1.92612,-1.57104,2240,0.0997801
51-6052.00,"Tailors, Dressmakers, and Custom Sewers",-0.549481,-1.49851,-0.959185,16290,0.0997801
51-6061.00,Textile Bleaching and Dyeing Machine Operators and Tenders,0.75819,-1.1088,-1.17529,5820,0
51-6062.00,"Textile Cutting Machine Setters, Operators, and Tenders",0.651089,-1.15126,-1.30627,8960,0
51-6063.00,"Textile Knitting and Weaving Machine Setters, Operators, and Tenders",0.265432,-1.45355,-1.05285,14530,0
51-6064.00,"Textile Winding, Twisting, and Drawing Out Machine Setters, Operators, and Tenders",0.555787,-1.61228,-0.985008,20600,0
51-6091.00,"Extruding and Forming Machine Setters, Operators, and Tenders, Synthetic and Glass Fibers",1.03904,-0.484653,-0.461956,14900,0
51-6092.00,Fabric and Apparel Patternmakers,-0.142217,0.254186,-1.24964,2860,0
51-6093.00,Upholsterers,0.657119,-0.906187,-0.744365,20990,0
51-7011.00,Cabinetmakers and Bench Carpenters,1.08412,-0.618249,-1.20634,79540,0.100244
51-7021.00,Furniture Finishers,0.702891,-0.834382,-0.564565,14230,0
51-7031.00,"Model Makers, Wood",0.552762,-0.55682,-1.30466,360,0
51-7032.00,"Patternmakers, Wood",0.841519,-0.26724,-1.37834,180,0
51-7041.00,"Sawing Machine Setters, Operators, and Tenders, Wood",0.697932,-1.68687,-1.24648,43140,0.0399901
51-7042.00,"Woodworking Machine Setters, Operators, and Tenders, Except Sawing",0.882422,-1.42129,-1.36662,63350,0
51-8011.00,Nuclear Power Reactor Operators,0.53718,1.12068,-0.92677,5720,0.463553
51-8012.00,Power Distributors and Dispatchers,0.161754,0.618809,-0.624317,9180,0.463553
51-8013.00,Power Plant Operators,1.36484,0.134162,-0.619433,30720,0.463553
51-8013.03,Biomass Plant Technicians,1.52477,0.379435,-0.689244,30720,0.463553
51-8013.04,Hydroelectric Plant Technicians,1.65943,0.649897,-0.547949,30720,0.463553
51-8021.00,Stationary Engineers and Boiler Operators,1.55833,0.415467,-0.258323,30780,0.204625
51-8031.00,Water and Wastewater Treatment Plant and System Operators,1.39976,0.444554,-0.271086,126750,0.231834
51-8091.00,Chemical Plant and System Operators,1.36451,0.115046,-0.834402,17840,0.309869
51-8092.00,Gas Plant Operators,1.33971,0.550111,-0.730451,15910,0.309869
51-8093.00,"Petroleum Pump System Operators, Refinery Operators, and Gaugers",1.50139,0.150996,-0.773319,34860,0.309869
51-8099.01,Biofuels Processing Technicians,1.68458,0.455244,-0.33279,15950,0.309869
51-9011.00,Chemical Equipment Operators and Tenders,1.57238,0.495887,-0.459027,127410,0.119428
51-9012.00,"Separating, Filtering, Clarifying, Precipitating, and Still Machine Setters, Operators, and Tenders",1.1149,-0.481267,-0.942471,54200,0.119428
51-9021.00,"Crushing, Grinding, and Polishing Machine Setters, Operators, and Tenders",1.06489,-0.797286,-0.724509,28550,0.0709013
51-9022.00,"Grinding and Polishing Workers, Hand",1.04695,-0.43732,-0.978048,11850,0.0709013
51-9023.00,"Mixing and Blending Machine Setters, Operators, and Tenders",1.12882,-0.762607,-0.576525,100840,0.0709013
51-9031.00,"Cutters and Trimmers, Hand",-0.503705,-1.98565,-1.26671,7070,0.0958005
51-9032.00,"Cutting and Slicing Machine Setters, Operators, and Tenders",1.09266,-0.639082,-0.855294,47540,0.0958005
51-9041.00,"Extruding, Forming, Pressing, and Compacting Machine Setters, Operators, and Tenders",1.16767,-0.649859,-0.72703,57310,0.0473012
51-9051.00,"Furnace, Kiln, Oven, Drier, and Kettle Operators and Tenders",0.71735,-1.02305,-0.599085,16160,0.387845
51-9061.00,"Inspectors, Testers, Sorters, Samplers, and Weighers",0.614209,-0.368433,-0.556704,591180,0.129454
51-9071.00,Jewelers and Precious Stone and Metal Workers,-0.18171,-0.603019,-0.51705,23420,0
51-9071.06,Gem and Diamond Workers,-0.619451,-0.966267,-1.45812,23420,0
51-9081.00,Dental Laboratory Technicians,0.275022,0.0871373,-1.03853,33920,0.0163501
51-9082.00,Medical Appliance Technicians,0.710695,0.221451,-0.286309,11490,0.0163501
51-9083.00,Ophthalmic Laboratory Technicians,0.00625561,-1.04011,-0.979948,18740,0.0163501
51-9111.00,Packaging and Filling Machine Operators and Tenders,0.923534,-0.942401,-0.113713,383860,0.0953004
51-9123.00,"Painting, Coating, and Decorating Workers",-0.478013,-1.79676,-0.83582,8470,0.100343
51-9124.00,"Coating, Painting, and Spraying Machine Setters, Operators, and Tenders",1.04567,-1.05743,-0.896705,159500,0.100343
51-9141.00,Semiconductor Processing Technicians,0.461283,-0.648378,-0.852251,32150,0.129457
51-9151.00,Photographic Process Workers and Processing Machine Operators,0.172344,-0.493891,-0.670127,5550,0.044797
51-9161.00,Computer Numerically Controlled Tool Operators,1.11196,0.0223376,-1.4731,176950,0.140287
51-9162.00,Computer Numerically Controlled Tool Programmers,0.524847,0.344805,-1.87393,28230,0.140287
51-9191.00,Adhesive Bonding Machine Operators and Tenders,1.24778,-0.790669,-0.36498,12170,0
51-9192.00,"Cleaning, Washing, and Metal Pickling Equipment Operators and Tenders",0.584123,-1.35142,-0.484024,13890,0.129457
51-9193.00,Cooling and Freezing Equipment Operators and Tenders,1.21331,-0.0929614,-0.749455,6590,0.129457
51-9194.00,Etchers and Engravers,0.176108,-0.733235,-1.29962,8390,0
51-9195.00,"Molders, Shapers, and Casters, Except Metal and Plastic",0.645535,-1.42989,-0.854358,34750,0
51-9195.03,"Stone Cutters and Carvers, Manufacturing",0.984671,-0.446082,-0.519243,34750,0
51-9195.04,"Glass Blowers, Molders, Benders, and Finishers",0.704397,-0.954652,-1.7445,34750,0
51-9195.05,"Potters, Manufacturing",0.0964732,-1.30991,-1.03711,34750,0
51-9196.00,"Paper Goods Machine Setters, Operators, and Tenders",0.881172,-0.823388,-0.428982,96950,0.444646
51-9197.00,Tire Builders,0.96337,-1.39217,-0.490597,20970,0.573188
51-9198.00,Helpers--Production Workers,0.634259,-1.63824,-0.79188,167490,0.097894
53-1041.00,Aircraft Cargo Handling Supervisors,1.44239,0.732571,1.32848,10160,0.11086
53-1042.00,"First-Line Supervisors of Helpers, Laborers, and Material Movers, Hand",0.486782,0.318484,0.632869,55130,0.0505828
53-1042.01,Recycling Coordinators,0.238319,0.606469,0.897759,55130,0.0505828
53-1043.00,First-Line Supervisors of Material-Moving Machine and Vehicle Operators,0.809691,0.978224,1.28819,55130,0.0505828
53-2011.00,"Airline Pilots, Copilots, and Flight Engineers",1.91304,1.50039,-0.0617962,99300,0.589474
53-2012.00,Commercial Pilots,1.89022,1.514,0.285158,51830,0.589474
53-2021.00,Air Traffic Controllers,0.125927,1.30955,-0.0470137,22400,0.459939
53-2022.00,Airfield Operations Specialists,0.988297,0.889809,1.07521,16640,0.459939
53-2031.00,Flight Attendants,0.765619,-0.498658,2.31354,130110,0.620798
53-3011.00,"Ambulance Drivers and Attendants, Except Emergency Medical Technicians",0.978672,-0.529212,1.33196,12080,0.102108
53-3031.00,Driver/Sales Workers,0.41262,-1.36368,0.257285,417420,0.103296
53-3032.00,Heavy and Tractor-Trailer Truck Drivers,1.30891,-0.920326,-0.0982351,2070480,0.103296
53-3033.00,Light Truck Drivers,0.723766,-1.07615,0.0706348,994410,0.103296
53-3051.00,"Bus Drivers, School",0.691849,-1.1391,0.56201,387920,0.272457
53-3052.00,"Bus Drivers, Transit and Intercity",0.700824,-1.10996,0.591654,148980,0.421007
53-3053.00,Shuttle Drivers and Chauffeurs,0.885099,-0.657849,1.14065,229630,0.101039
53-4011.00,Locomotive Engineers,1.82925,0.238241,0.178505,31990,0.75119
53-4013.00,"Rail Yard Engineers, Dinkey Operators, and Hostlers",1.71877,0.0937272,0.229145,3300,0.75119
53-4022.00,"Railroad Brake, Signal, and Switch Operators and Locomotive Firers",1.45205,-0.593759,0.132255,12460,0.597373
53-4031.00,Railroad Conductors and Yardmasters,1.02058,-0.101752,0.39915,42710,0.710361
53-4041.00,Subway and Streetcar Operators,1.36801,-0.708843,0.519681,9200,0.597373
53-5011.00,Sailors and Marine Oilers,2.03505,-0.151375,0.217425,31360,0.116555
53-5021.00,"Captains, Mates, and Pilots of Water Vessels",1.98,0.699779,0.647043,35390,0.238577
53-5022.00,Motorboat Operators,1.52188,-0.264935,0.49262,2380,0.238577
53-5031.00,Ship Engineers,1.86268,0.727037,-0.189412,8580,0.116555
53-6011.00,Bridge and Lock Tenders,0.295635,-1.18901,-0.236585,2720,0.212061
53-6021.00,Parking Attendants,0.0778085,-1.75287,0.324389,134650,0.0390782
53-6031.00,Automotive and Watercraft Service Attendants,1.14815,-0.696494,0.243152,98270,0.0666944
53-6041.00,Traffic Technicians,0.191086,0.318352,-0.831596,7580,0.212061
53-6051.00,Transportation Inspectors,0.587598,0.408661,-0.19758,23320,0.300277
53-6051.01,Aviation Inspectors,1.40164,1.3169,0.305729,23320,0.300277
53-6051.07,"Transportation Vehicle, Equipment and Systems Inspectors, Except Aviation",0.787614,-1.13225,-0.590858,23320,0.300277
53-6061.00,Passenger Attendants,-0.541908,-2.04319,0.658827,25340,0.280596
53-7011.00,Conveyor Operators and Tenders,1.05758,-0.5891,-0.528069,26060,0.134408
53-7021.00,Crane and Tower Operators,1.54678,-0.370635,-0.55642,42000,0.281213
53-7031.00,Dredge Operators,0.924679,-1.08229,-0.831724,1030,0.134408
53-7041.00,Hoist and Winch Operators,1.77033,-0.285316,-0.164241,2480,0.134408
53-7051.00,Industrial Truck and Tractor Operators,1.39139,-0.857851,-0.166549,805770,0.118151
53-7061.00,Cleaners of Vehicles and Equipment,0.617021,-1.70639,-0.0275059,373960,0.0552738
53-7062.00,"Laborers and Freight, Stock, and Material Movers, Hand",0.739681,-1.63242,-0.0166855,2982530,0.142191
53-7062.04,Recycling and Reclamation Workers,1.04723,-1.20968,-0.141966,2982530,0.142191
53-7063.00,Machine Feeders and Offbearers,0.209842,-1.88587,-0.966552,46690,0.13977
53-7064.00,"Packers and Packagers, Hand",0.277047,-1.56646,-0.240737,601440,0.0885543
53-7065.00,Stockers and Order Fillers,-0.203958,-1.62267,0.235753,2779530,0.0744427
53-7071.00,Gas Compressor and Gas Pumping Station Operators,1.65194,0.389968,-0.622593,5110,0.264743
53-7072.00,"Pump Operators, Except Wellhead Pumpers",1.46673,0.226976,-0.673628,12600,0.264743
53-7073.00,Wellhead Pumpers,1.10754,-0.434175,-0.632943,17350,0.264743
53-7081.00,Refuse and Recyclable Material Collectors,0.381726,-2.63953,-0.439724,139180,0.191069
53-7121.00,"Tank Car, Truck, and Ship Loaders",1.97702,0.0226637,0.0691168,10920,0.282658
