onet_soc,title,R1,R2,R3
11-1011.00,Chief Executives,-0.30951504956248516,2.0392639358902196,1.2831135165570309
11-1011.03,Chief Sustainability Officers,-0.7673478271042179,1.2523051819477327,0.540295423493359
11-1021.00,General and Operations Managers,-0.3095279497624975,0.9351012377275804,0.7712295584537678
11-2011.00,Advertising and Promotions Managers,-1.0522605508723015,0.6378389306194603,0.5027759769219824
11-2021.00,Marketing Managers,-0.9268716709085253,1.0129370508421347,0.3414744534500431
11-2022.00,Sales Managers,-1.0121417657054879,0.8938028655783316,0.9689216873150232
11-2032.00,Public Relations Managers,-1.0997845161486808,0.7204438394748999,0.9793323532685932
11-2033.00,Fundraising Managers,-1.3929982200233335,0.1858991639508062,0.5676679020912079
11-3012.00,Administrative Services Managers,-0.2251401300497257,0.5561610463775272,0.7373046245450443
11-3013.00,Facilities Managers,0.7542487143208009,0.9564316998277383,0.8899025615381685
11-3013.01,Security Managers,0.6979941426995286,1.5391088661814682,1.471093067726789
11-3021.00,Computer and Information Systems Managers,-0.510400903524222,1.341807816904712,-0.4350299893025256
11-3031.00,Financial Managers,-1.094490051814816,0.698139673400938,0.28620462504765737
11-3031.01,Treasurers and Controllers,-1.3998500530589455,0.9072747997770599,-0.667556078780045
11-3031.03,Investment Fund Managers,-1.3279988290991511,0.8414376718933406,-0.7312199111047067
11-3051.00,Industrial Production Managers,0.6852104967505737,1.3330964232628482,0.22949121775297812
11-3051.01,Quality Control Systems Managers,0.22633748082337715,1.744688892148035,-0.0998835698321283
11-3051.02,Geothermal Production Managers,0.9512015879763295,1.8205597934703497,0.22659146155501447
11-3051.03,Biofuels Production Managers,0.918533777307957,1.3435381811626148,0.1206986168015496
11-3051.04,Biomass Power Plant Managers,1.0847580808970176,1.5755701643842495,0.08987198044582852
11-3051.06,Hydroelectric Production Managers,1.0347519920627413,1.7897599300419287,0.09637587621034989
11-3061.00,Purchasing Managers,-0.8070122976375328,1.107832495559497,0.43293563093536147
11-3071.00,"Transportation, Storage, and Distribution Managers",0.043524999528887054,1.078113696212122,0.6063793839579237
11-3071.04,Supply Chain Managers,-0.5022539222452105,1.2508411842837788,0.3604672877187278
11-3111.00,Compensation and Benefits Managers,-1.53573982682499,0.26032100081160475,0.16258851455941262
11-3121.00,Human Resources Managers,-0.8583992126872104,1.1772442285228248,1.47831584108573
11-3131.00,Training and Development Managers,-1.090728337894351,0.9647030309032503,0.4823071063835903
11-9013.00,"Farmers, Ranchers, and Other Agricultural Managers",1.1587927835362526,1.0460521838425239,0.2609678295803266
11-9021.00,Construction Managers,1.1583629512389395,1.913639925294487,0.6677151743603641
11-9031.00,"Education and Childcare Administrators, Preschool and Daycare",-0.14126283019150973,0.7476390779633085,2.2059839162417596
11-9032.00,"Education Administrators, Kindergarten through Secondary",-0.5841274648990706,1.4985277360658535,1.7687031793482029
11-9033.00,"Education Administrators, Postsecondary",-1.0394389220501365,1.0217520994972265,0.9015182517702777
11-9041.00,Architectural and Engineering Managers,-0.23929830020756845,1.7141285064174203,-0.4012007141083151
11-9041.01,Biofuels/Biodiesel Technology and Product Development Managers,0.27219674781738934,1.4155027679694487,-0.9199493451222082
11-9051.00,Food Service Managers,0.1799173784121581,0.25203285885434,1.2791822454755581
11-9071.00,Gambling Managers,-0.23075456893745694,0.6415822528601844,1.1962813210686871
11-9072.00,"Entertainment and Recreation Managers, Except Gambling",-0.2834782571943267,0.41309395411447436,1.4489238988938862
11-9081.00,Lodging Managers,-0.1104263899080368,0.9165862533506034,1.7520176265477305
11-9111.00,Medical and Health Services Managers,-0.6180150253871527,1.3682265949367092,1.1263096839363713
11-9121.00,Natural Sciences Managers,-0.2503492738104203,1.524313510715357,-0.2270580932518495
11-9121.01,Clinical Research Coordinators,-0.8642109768706874,0.41365366233369394,0.23024425396406856
11-9121.02,Water Resource Specialists,-0.4790154850803906,1.3927288200269767,-0.8956115387302781
11-9131.00,Postmasters and Mail Superintendents,-0.0984824614352407,0.8758232047134148,1.3530593807380111
11-9141.00,"Property, Real Estate, and Community Association Managers",-0.4530909310608738,0.42822962907648376,0.6487021775669182
11-9151.00,Social and Community Service Managers,-0.7124723453363504,0.780306017121711,1.4362195437161696
11-9161.00,Emergency Management Directors,0.0049602621880268545,1.3786052352964866,1.3134658569633948
11-9171.00,Funeral Home Managers,0.2447243376491052,0.47422936681237604,1.9654379428679067
11-9179.01,Fitness and Wellness Coordinators,-0.22402232395405255,0.10550486912460748,1.4705580713909232
11-9179.02,Spa Managers,-0.5860582126959194,0.5517437892563588,1.5186200447107632
11-9199.01,Regulatory Affairs Managers,-1.1629324545311506,0.8175812550742885,-0.1957811370739755
11-9199.02,Compliance Managers,-0.5718998427198323,0.7100159831389425,0.9949073111110012
11-9199.08,Loss Prevention Managers,-0.035014747895498084,0.9326760983366701,1.2127168024362016
11-9199.09,Wind Energy Operations Managers,1.3299057634762568,1.6367666394612224,0.6360149151293253
11-9199.10,Wind Energy Development Managers,-0.5600356223717282,0.9899059024582456,-0.1811293277890814
11-9199.11,Brownfield Redevelopment Specialists and Site Managers,-0.573829357710189,1.2370960208922301,-0.4970623410320739
13-1011.00,"Agents and Business Managers of Artists, Performers, and Athletes",-1.7411088127736105,-0.5024280805680539,0.3837619949666835
13-1021.00,"Buyers and Purchasing Agents, Farm Products",-0.9502196469218883,0.07329139931212471,0.09394437518617413
13-1022.00,"Wholesale and Retail Buyers, Except Farm Products",-0.8058628174411843,0.24915908107030588,0.1356023569449319
13-1023.00,"Purchasing Agents, Except Wholesale, Retail, and Farm Products",-0.9934340276185306,0.8542565737312371,0.17979359642953655
13-1031.00,"Claims Adjusters, Examiners, and Investigators",-0.9459223613297368,0.42594809067599837,0.18491096295201445
13-1032.00,"Insurance Appraisers, Auto Damage",-0.24617234647986178,-0.18167350051323106,0.1147631154937887
13-1041.00,Compliance Officers,-0.21467063561469696,-0.07185089837840734,0.8417217348204137
13-1041.01,Environmental Compliance Inspectors,0.13237794316217452,0.8540701606469197,-0.241609548258067
13-1041.03,Equal Opportunity Representatives and Officers,-1.335233691943447,0.26767100963982937,0.5335345814875007
13-1041.04,Government Property Inspectors and Investigators,0.4611037299998929,1.0602150772842711,0.5984788769043632
13-1041.06,Coroners,0.8018415043418124,0.8879699323418465,1.9041183236178554
13-1041.07,Regulatory Affairs Specialists,-1.3141338183082305,0.677380443492859,-0.367396092626514
13-1041.08,Customs Brokers,-1.1603191175814844,0.442260966587851,0.09930441556398409
13-1051.00,Cost Estimators,-1.135580468328959,0.7857863236470634,-1.2922171379892238
13-1071.00,Human Resources Specialists,-1.2757410059241414,-0.18570356994742754,0.8788280907923991
13-1074.00,Farm Labor Contractors,0.0750604872854078,-0.7057040374573035,1.06529905392891
13-1075.00,Labor Relations Specialists,-1.3705253521887242,0.05030577572991416,0.6360987877553956
13-1081.00,Logisticians,-0.6137739655386681,1.0315178952778077,0.2680985811092067
13-1081.01,Logistics Engineers,-0.29203229609668874,1.7559257926951137,-0.8773363788820387
13-1081.02,Logistics Analysts,-0.738589942131407,0.8409622453458895,-0.4179333454316324
13-1082.00,Project Management Specialists,-0.8413919130291941,0.6961635965294294,-0.09322837640052914
13-1111.00,Management Analysts,-0.944951266019043,1.1542619754288936,0.4853052020187917
13-1121.00,"Meeting, Convention, and Event Planners",-0.11074651840979174,0.7576804809168701,1.2646746132447428
13-1131.00,Fundraisers,-1.387240582405487,0.29897621136498687,0.5956219326600752
13-1141.00,"Compensation, Benefits, and Job Analysis Specialists",-1.4301145409018576,-0.03572677862419271,-0.29294068719655514
13-1151.00,Training and Development Specialists,-1.1101594967973274,0.5485527925246195,0.701434512033624
13-1161.00,Market Research Analysts and Marketing Specialists,-1.5814004382590643,0.4254117323416638,-1.0499246818418893
13-1161.01,Search Marketing Strategists,-1.5797947595552022,0.5927747081221733,-0.9816917541488758
13-1199.04,Business Continuity Planners,-1.0904325972552384,0.9884476528853823,-0.3656602351614198
13-1199.05,Sustainability Specialists,-0.9428045341992219,0.6775866612785331,-0.15488972103930848
13-1199.06,Online Merchants,-1.3029497401817869,-0.2201809352578965,-0.5000004538831665
13-1199.07,Security Management Specialists,0.22594217986309106,1.315165447671738,0.6325901878973277
13-2011.00,Accountants and Auditors,-1.2360099089168477,0.28584693527270033,-0.7450833468879065
13-2022.00,Appraisers of Personal and Business Property,-0.6528615779925013,0.26211756088771443,-0.5079680326495578
13-2023.00,Appraisers and Assessors of Real Estate,-0.7506063934999,-0.07225404466827377,-0.9528864485124767
13-2031.00,Budget Analysts,-1.2978482357150087,0.15415655438641546,-0.8420877247084558
13-2041.00,Credit Analysts,-1.6866350772498815,-0.1594982592893021,-1.3470842439217978
13-2052.00,Personal Financial Advisors,-1.6683402724881244,0.38692346143720047,-0.45401480099642844
13-2053.00,Insurance Underwriters,-1.5316594726011954,-0.2628374808430283,-0.48053079719210123
13-2061.00,Financial Examiners,-1.3213992005566133,0.7485361091644556,-0.4506731479831742
13-2071.00,Credit Counselors,-1.5415161084382916,-0.07793411597019287,0.1757563957674161
13-2072.00,Loan Officers,-1.2726514838360996,0.0019417046684558875,0.08509930819154755
13-2081.00,"Tax Examiners and Collectors, and Revenue Agents",-1.248197959841936,0.044928718833658704,-0.025601460973169735
13-2082.00,Tax Preparers,-1.6241024667884372,-0.4759086861753328,-0.8505220165982221
13-2099.01,Financial Quantitative Analysts,-1.520989261044111,0.5586001004386998,-1.7823950257750627
13-2099.04,"Fraud Examiners, Investigators and Analysts",-1.3066623258079415,0.5985773006529139,-0.0384088729676857
15-1211.00,Computer Systems Analysts,-0.684317304262812,0.9608176124029421,-1.3258904565968301
15-1211.01,Health Informatics Specialists,-0.7316175167369926,1.366714915383666,-0.19899798896358975
15-1212.00,Information Security Analysts,-0.7467062777453666,0.6749915065332099,-1.0497206049735535
15-1221.00,Computer and Information Research Scientists,-0.8082607305925414,1.4174677741799977,-1.6154259911202915
15-1231.00,Computer Network Support Specialists,-0.4433701062253488,0.27351360496531757,-1.0604454260954155
15-1232.00,Computer User Support Specialists,-0.3796839395283765,0.5088132477193842,-0.7100383128630329
15-1241.00,Computer Network Architects,-0.36059397956577144,1.2393526024945334,-1.3495047665896893
15-1241.01,Telecommunications Engineering Specialists,0.43452788487938204,1.0604899329750317,-0.5843667637011603
15-1242.00,Database Administrators,-1.0078697562994017,0.5880937143351358,-1.4435097823779681
15-1243.00,Database Architects,-1.0502248839857011,0.8942989732661472,-1.730408299149299
15-1243.01,Data Warehousing Specialists,-1.4579014115978766,0.33659988538965546,-1.9744247251682017
15-1244.00,Network and Computer Systems Administrators,-0.3398436394561714,0.9231461294442327,-1.786502835044875
15-1251.00,Computer Programmers,-1.1414269569365076,0.6131683291030667,-1.9768435265665938
15-1252.00,Software Developers,-1.2622097559399674,0.43357117230327924,-2.174048462113498
15-1253.00,Software Quality Assurance Analysts and Testers,-1.003765282223697,0.6529611451619155,-1.5040621607688545
15-1254.00,Web Developers,-1.166405366724846,0.4130355934631537,-1.5948406080439959
15-1255.00,Web and Digital Interface Designers,-1.2516033005733584,0.12297901653316914,-1.6931369077923457
15-1255.01,Video Game Designers,-1.2273327409947854,0.6198914043812008,-1.4028864188610515
15-1299.01,Web Administrators,-1.0410862086368216,0.6310166872608718,-1.181010744069459
15-1299.02,Geographic Information Systems Technologists and Technicians,-0.8682589812319383,0.42116805469129975,-1.7043457803954207
15-1299.03,Document Management Specialists,-1.0521320531456362,0.45456121762124074,-0.5149959268502093
15-1299.04,Penetration Testers,-0.7712228261268924,1.0214564863455013,-1.0841739549325076
15-1299.05,Information Security Engineers,-0.7901024875858645,0.8074816352638391,-1.156010310075184
15-1299.06,Digital Forensics Analysts,-0.8343487770148812,0.45727610696858684,-1.009448183059969
15-1299.07,Blockchain Engineers,-0.8521044902008372,0.8440635193360396,-1.7683459224150986
15-1299.08,Computer Systems Engineers/Architects,-0.5073948679464013,1.1372998813032593,-1.264344921542873
15-1299.09,Information Technology Project Managers,-0.608889010064031,1.4830491890930992,0.2991140691347813
15-2011.00,Actuaries,-1.4950535578117177,0.8941315730577148,-1.6446621838392734
15-2021.00,Mathematicians,-1.627551333979878,0.5992037105728509,-2.1524869148821533
15-2031.00,Operations Research Analysts,-1.2541529247280143,1.2172606747836847,-1.7748231424004275
15-2041.00,Statisticians,-1.42401677934062,0.9271866116906134,-1.7779582887816225
15-2041.01,Biostatisticians,-1.4596955203732789,0.7805906617257823,-1.4145573292496816
15-2051.00,Data Scientists,-1.4555913871313022,0.5996398788306858,-2.1598524876614054
15-2051.01,Business Intelligence Analysts,-1.687914161142738,0.3077873761603534,-1.3506580064163038
15-2051.02,Clinical Data Managers,-1.2451393743807262,0.6965405944960573,-0.9502690957461264
15-2099.01,Bioinformatics Technicians,-1.081724754889351,0.7056014586716882,-1.8370565781606063
17-1011.00,"Architects, Except Landscape and Naval",-0.07618972711007617,1.8604761902662308,-0.3186520195782307
17-1012.00,Landscape Architects,-0.5849430947139955,1.1246632461048376,-0.39396176667111016
17-1021.00,Cartographers and Photogrammetrists,-0.6547014228673321,0.42703771483755304,-1.0816622651620413
17-1022.00,Surveyors,0.7375389673906888,1.0864855064567838,-0.17186015424019602
17-1022.01,Geodetic Surveyors,0.250733518019171,1.1766499677453965,-1.326101153326059
17-2011.00,Aerospace Engineers,-0.33235678626220344,1.8644834471910032,-1.9646725495460962
17-2021.00,Agricultural Engineers,0.49089877753193983,1.7468299156629512,-1.095061835521305
17-2031.00,Bioengineers and Biomedical Engineers,-0.18408410362394206,1.8722264429507394,-1.5943878759641659
17-2041.00,Chemical Engineers,-0.07172753582313715,1.7355486712986297,-1.925558164847396
17-2051.00,Civil Engineers,-0.1211487119064299,1.7190861402352848,-0.992031762592005
17-2051.01,Transportation Engineers,-0.20501141983611104,1.8196798759645805,-0.7654571148600945
17-2051.02,Water/Wastewater Engineers,-0.29185847509030743,1.812831730031003,-1.10170206186317
17-2061.00,Computer Hardware Engineers,-0.5989930237482445,1.3873590162868725,-1.9482764926825364
17-2071.00,Electrical Engineers,-0.029160621591293626,1.6154162902845897,-1.125108291733456
17-2072.00,"Electronics Engineers, Except Computer",-0.2781375262592787,1.361159590262775,-2.298839911043653
17-2072.01,Radio Frequency Identification Device Specialists,-0.41261014801983154,0.8986135179729651,-0.9015296039525204
17-2081.00,Environmental Engineers,-0.13732000159021157,1.562623864957429,-0.5274639536713136
17-2111.00,"Health and Safety Engineers, Except Mining Safety Engineers and Inspectors",0.4580446550515117,1.1678841240766398,0.24135658900905677
17-2111.02,Fire-Prevention and Protection Engineers,-0.05657297252879199,1.8823291809204352,-0.954575052071164
17-2112.00,Industrial Engineers,-0.08050232824175242,1.0518675414429326,-0.9313074078415624
17-2112.01,Human Factors Engineers and Ergonomists,-0.4110157220694945,1.2955728642008904,-0.5665057710346085
17-2112.02,Validation Engineers,-0.2780878771754018,1.201770192959838,-0.9951473565683744
17-2112.03,Manufacturing Engineers,0.6333458147592703,1.9074801680281739,-1.3464087183519409
17-2121.00,Marine Engineers and Naval Architects,0.8905977264440034,1.5183915720633563,-1.033657095990272
17-2131.00,Materials Engineers,-0.17482370367772102,1.5697335548935811,-1.8390279312354807
17-2141.00,Mechanical Engineers,-0.0260275915535088,1.604566643050767,-1.5708067061693238
17-2141.01,Fuel Cell Engineers,0.013819938002510919,1.5681621266173824,-2.1011588827778382
17-2141.02,Automotive Engineers,0.08201373773778672,1.7662216610517456,-1.3783391954421227
17-2151.00,"Mining and Geological Engineers, Including Mining Safety Engineers",0.04169828916906778,1.9410379382084877,-1.1236677647342963
17-2161.00,Nuclear Engineers,0.0721718499584679,2.0400191299277206,-1.439242797916643
17-2171.00,Petroleum Engineers,-0.42523042648319104,1.6012685333360066,-1.0011108290230186
17-2199.03,"Energy Engineers, Except Wind and Solar",-0.29187799338076237,1.420201505696217,-1.1682803016299466
17-2199.05,Mechatronics Engineers,-0.14883334916757582,1.3015741758319885,-1.8226158666670087
17-2199.06,Microsystems Engineers,-0.038044952737749264,1.4550107995399577,-1.6940356252648128
17-2199.07,Photonics Engineers,-0.23559351138232537,1.384578481393215,-2.287152319848172
17-2199.08,Robotics Engineers,0.7860880833406161,2.1963291628421184,-1.7014572053292152
17-2199.09,Nanosystems Engineers,0.11152627122844662,1.7929908156521475,-1.63065383754995
17-2199.10,Wind Energy Engineers,-0.6325226915946746,0.8749927315647575,-1.5008808806536642
17-2199.11,Solar Energy Systems Engineers,0.4188520039405472,1.127386608484655,-0.859282906661289
17-3011.00,Architectural and Civil Drafters,-0.6661223142407872,0.6617421624960422,-1.1225978584012484
17-3012.00,Electrical and Electronics Drafters,-0.5702298743643147,0.4527592403829145,-1.490250562026877
17-3013.00,Mechanical Drafters,-0.823102363714028,0.044819583008857994,-2.518668224527979
17-3021.00,Aerospace Engineering and Operations Technologists and Technicians,0.7055857854604207,1.130677568321373,-1.358787003609832
17-3022.00,Civil Engineering Technologists and Technicians,-0.10726271572845192,0.7467481087700701,-0.9937711631449251
17-3023.00,Electrical and Electronic Engineering Technologists and Technicians,0.3669659816565287,0.6630504065510755,-1.8371973475427577
17-3024.00,Electro-Mechanical and Mechatronics Technologists and Technicians,1.205984629746981,0.762621739083476,-1.2758419499712004
17-3024.01,Robotics Technicians,1.2628970688299894,1.2746583423825897,-1.6382694570266396
17-3025.00,Environmental Engineering Technologists and Technicians,0.5809258885042846,0.628789362016683,-0.7707580264803083
17-3026.00,Industrial Engineering Technologists and Technicians,0.16000807671509662,0.9369478770104797,-1.2110106378149903
17-3026.01,Nanotechnology Engineering Technologists and Technicians,0.635710970608965,1.4415577995653097,-1.3285453448168454
17-3027.00,Mechanical Engineering Technologists and Technicians,0.9738563891517762,1.1522082494473924,-1.00879773555921
17-3027.01,Automotive Engineering Technicians,0.9934418147523992,0.7247142973220997,-1.0377172290147723
17-3029.01,Non-Destructive Testing Specialists,1.4084976111642986,1.2007514464304634,-0.3653526912796172
17-3029.08,Photonics Technicians,0.48442339183126143,0.39153513770213,-1.6045354404964416
17-3031.00,Surveying and Mapping Technicians,0.22412243526569925,0.33189110774713704,-0.9397982999360676
19-1011.00,Animal Scientists,-0.029841768158360087,1.3601868016039542,-0.14915733960031768
19-1012.00,Food Scientists and Technologists,0.19813818182370918,1.3766466250477727,-0.5189642220665421
19-1013.00,Soil and Plant Scientists,0.2537364861593738,1.3905762477772583,-0.4923917689773888
19-1021.00,Biochemists and Biophysicists,0.05050313826738198,2.0616595009909,-1.3588314718836483
19-1022.00,Microbiologists,0.1366863823975722,1.2869434691242396,-0.6246758268407593
19-1023.00,Zoologists and Wildlife Biologists,0.2709604302893164,1.0536843768385646,0.3050368587690416
19-1029.01,Bioinformatics Scientists,-1.1869540301851687,1.1814149598857342,-2.062373101011486
19-1029.02,Molecular and Cellular Biologists,-0.18106730579295177,1.6092102418900356,-0.9195446863246637
19-1029.03,Geneticists,-0.6883771582772134,1.3830775276010856,-0.9756388116926156
19-1029.04,Biologists,0.10764000505252602,1.4682675249316655,-0.3952663231189308
19-1031.00,Conservation Scientists,0.25791743686086105,0.8574340189659692,-0.06722390229549262
19-1031.02,Range Managers,0.09891490519064843,0.6456383197856588,0.20129993887348618
19-1031.03,Park Naturalists,-0.06808843680128124,-0.10518923166831552,1.3469896048668637
19-1032.00,Foresters,0.578929731275999,1.0866636137684627,0.2610715007922097
19-1041.00,Epidemiologists,-1.0728204719271672,1.4589266549499351,-0.16278072953143918
19-1042.00,"Medical Scientists, Except Epidemiologists",-0.5366566765545049,1.131937412051332,-0.8716147395803129
19-2011.00,Astronomers,-0.9317547735448508,1.3930534006071962,-1.8101507585690844
19-2012.00,Physicists,-0.5140158390428596,2.2608962569912308,-1.9827471044231892
19-2021.00,Atmospheric and Space Scientists,-1.0505966000593014,0.9211961471618827,-1.0597996040460567
19-2031.00,Chemists,0.054524431435617006,1.1392796256566564,-1.2625433164386723
19-2032.00,Materials Scientists,-0.26829480176635095,1.3647036419504486,-1.6661791691096766
19-2041.00,"Environmental Scientists and Specialists, Including Health",-0.4281939161517812,1.029646706651447,-0.43293723366582304
19-2041.01,Climate Change Policy Analysts,-1.4194565422134267,0.5787275932770117,-0.7876302345705342
19-2041.02,Environmental Restoration Planners,-0.042108217006750076,1.2868268604533193,-0.2238300337977311
19-2041.03,Industrial Ecologists,-1.0518062429876576,0.9627755647382733,-1.5195500002573292
19-2042.00,"Geoscientists, Except Hydrologists and Geographers",0.21787371332105668,1.5097566211441933,-0.8219289762983191
19-2043.00,Hydrologists,0.07015270529780997,1.3333830249565501,-1.3361353786508567
19-2099.01,Remote Sensing Scientists and Technologists,-0.652672136752726,1.5104379834391128,-1.520360819121364
19-3011.00,Economists,-1.7100171449761863,0.5965372561349517,-1.0532536942835005
19-3011.01,Environmental Economists,-1.7465873765038091,0.5545534484879151,-1.7167853238059505
19-3022.00,Survey Researchers,-1.353393904094993,1.0363345052169697,-0.5308423483074288
19-3032.00,Industrial-Organizational Psychologists,-1.2494275197586562,1.412566380963781,0.25886355647121345
19-3033.00,Clinical and Counseling Psychologists,-1.4454507138906154,0.15831110203677115,1.253919838945282
19-3034.00,School Psychologists,-1.2071884423089636,0.3870901273386211,1.4454709540802506
19-3039.02,Neuropsychologists,-1.0458563323551462,0.854266467784015,0.6042264358682186
19-3039.03,Clinical Neuropsychologists,-0.9669552460813973,0.8577544859549701,0.862849235565871
19-3041.00,Sociologists,-1.671349392833022,0.3154058504857443,0.08249439165895191
19-3051.00,Urban and Regional Planners,-1.1051006946090114,0.9274353794669601,0.22070529357558533
19-3091.00,Anthropologists and Archeologists,-0.9231963604562095,0.5831358786951569,0.2953686524980336
19-3092.00,Geographers,-1.2267810720174912,0.6041829811755812,-0.7618463488045655
19-3093.00,Historians,-1.3330029450047578,-0.18730671464523746,-0.08273637430784571
19-3094.00,Political Scientists,-1.7133294974206381,0.307526110332219,-0.1864577845348402
19-3099.01,Transportation Planners,-0.9750225760539645,1.1775999709189946,-0.4580855947039905
19-4012.00,Agricultural Technicians,0.8456846046999859,-0.12373165339786897,-0.5572056679646932
19-4012.01,Precision Agriculture Technicians,0.5638670128705122,0.8045235203855259,-0.48822698376799967
19-4013.00,Food Science Technicians,0.12940278958720963,0.0018421460303029362,-0.7031468751212291
19-4021.00,Biological Technicians,0.2791824404899221,0.4118717875208218,-0.6652192362660618
19-4031.00,Chemical Technicians,0.5275767994553574,0.7668087272706814,-1.175453063377523
19-4042.00,"Environmental Science and Protection Technicians, Including Health",0.3470709929187644,0.5783486478310996,-0.2393786672491847
19-4043.00,"Geological Technicians, Except Hydrologic Technicians",0.13932001929641583,0.07546285433108355,-1.2793133296770804
19-4051.00,Nuclear Technicians,1.4427591908525919,0.8498104157695698,-0.582336781232587
19-4051.02,Nuclear Monitoring Technicians,0.7893809004372445,0.8960885893495775,-0.4010188262684385
19-4061.00,Social Science Research Assistants,-1.5377906118662361,-0.10982909011057722,-1.2669325458735816
19-4071.00,Forest and Conservation Technicians,1.3115551533793925,0.5747598510485473,0.7327345231279272
19-4092.00,Forensic Science Technicians,0.6668706847728596,0.6336898049738281,0.48686247349407624
19-4099.01,Quality Control Analysts,0.2656567781350187,0.16666432380807544,-1.1974795968803396
19-4099.03,Remote Sensing Technicians,-0.48787429516773095,0.7196385520703478,-1.6188324079212895
19-5011.00,Occupational Health and Safety Specialists,0.5847264109806202,1.4500664925895281,0.32827798197999875
19-5012.00,Occupational Health and Safety Technicians,0.6569203309239542,0.9797721750967091,0.4846119315761513
21-1011.00,Substance Abuse and Behavioral Disorder Counselors,-0.8611911453506821,0.15758980404820788,1.860673130465649
21-1012.00,"Educational, Guidance, and Career Counselors and Advisors",-1.2304699994213386,0.13085124013349417,1.2333049298846566
21-1013.00,Marriage and Family Therapists,-1.4977646995970286,0.13625398378322098,1.4076862206095324
21-1014.00,Mental Health Counselors,-1.3428355354985908,0.18410544986165173,1.7518857937660866
21-1015.00,Rehabilitation Counselors,-1.4370457593126773,-0.13780397060527452,1.1536919732632567
21-1021.00,"Child, Family, and School Social Workers",-0.6183731996064562,0.2530354877114828,2.1497866242648414
21-1022.00,Healthcare Social Workers,-0.9408158792612876,-0.13964843178932698,2.1143292967261624
21-1023.00,Mental Health and Substance Abuse Social Workers,-0.9025748256757563,0.3884804598859055,1.6524829771848593
21-1091.00,Health Education Specialists,-0.7246249158084114,0.40568072380060305,1.6128501225700176
21-1092.00,Probation Officers and Correctional Treatment Specialists,-0.22328722941064863,-0.11526669832216575,1.8517895928359716
21-1093.00,Social and Human Service Assistants,-0.6768648773884958,-0.3122741714440986,1.6065705612388976
21-1094.00,Community Health Workers,-0.6820536338329178,-0.07237222500126542,1.3360718891732077
21-2011.00,Clergy,-1.1806847888997662,0.20513932104034782,1.7347997688214836
21-2021.00,"Directors, Religious Activities and Education",-1.157461268967175,0.17587648510832,1.024362284121831
23-1011.00,Lawyers,-1.3045977395847332,0.79576459697584,0.7259220441097518
23-1012.00,Judicial Law Clerks,-1.8454788338570103,-0.5713826966843013,-0.8484954675992146
23-1021.00,"Administrative Law Judges, Adjudicators, and Hearing Officers",-1.6381088243051232,0.1154180886265214,0.14527443354878974
23-1022.00,"Arbitrators, Mediators, and Conciliators",-1.586055520729971,-0.19854858473744447,-0.14844934466342932
23-1023.00,"Judges, Magistrate Judges, and Magistrates",-1.2973703267038048,0.385938600673495,0.9520151851833194
23-2011.00,Paralegals and Legal Assistants,-1.6070226880615408,-0.6718449316669625,-0.26838115842790816
23-2093.00,"Title Examiners, Abstractors, and Searchers",-1.4003935453943495,-0.5283806980087444,-0.39477802359097036
25-1011.00,"Business Teachers, Postsecondary",-1.550546072112234,0.19157875365253402,0.06078858601771734
25-1021.00,"Computer Science Teachers, Postsecondary",-1.0699499341654044,0.9776682329273996,-0.24047985950545062
25-1022.00,"Mathematical Science Teachers, Postsecondary",-1.5732284815667408,0.02550986962507054,-0.5979341205419104
25-1031.00,"Architecture Teachers, Postsecondary",-0.7726007975902437,1.0989288769337024,0.1720242460366401
25-1032.00,"Engineering Teachers, Postsecondary",-0.7828896431568938,1.3778832942751755,-0.9904642235179358
25-1041.00,"Agricultural Sciences Teachers, Postsecondary",-0.4958402460163455,0.9300933019914625,0.6333057365931467
25-1042.00,"Biological Science Teachers, Postsecondary",-0.7832854064614062,1.0406937767154252,0.17991728701995438
25-1043.00,"Forestry and Conservation Science Teachers, Postsecondary",-0.40109871861883467,1.0048745170427043,0.4555711868616696
25-1051.00,"Atmospheric, Earth, Marine, and Space Sciences Teachers, Postsecondary",-0.9844296014926541,0.6796551059476522,-0.05002671050073113
25-1052.00,"Chemistry Teachers, Postsecondary",-0.7913707531830255,0.8979439640980195,-0.2913950325337503
25-1053.00,"Environmental Science Teachers, Postsecondary",-0.8693732893890036,0.7989763317807927,-0.012571894580669946
25-1054.00,"Physics Teachers, Postsecondary",-0.7610353636431424,1.0260576941198836,-0.6816152124542548
25-1061.00,"Anthropology and Archeology Teachers, Postsecondary",-1.0999776514234145,0.721408849622436,0.9167780387909142
25-1062.00,"Area, Ethnic, and Cultural Studies Teachers, Postsecondary",-1.5086672712468514,0.09478345641681012,0.7457968597638558
25-1063.00,"Economics Teachers, Postsecondary",-1.5964379902827064,0.12422672960890532,-0.5874462368294143
25-1064.00,"Geography Teachers, Postsecondary",-1.3846661136210519,0.3341047782141875,-0.08737681017513432
25-1065.00,"Political Science Teachers, Postsecondary",-1.8027329534581504,-0.21674151867742975,0.3109695873925847
25-1066.00,"Psychology Teachers, Postsecondary",-1.4657791655847028,0.3641145588353238,0.6520428971722616
25-1067.00,"Sociology Teachers, Postsecondary",-1.7294668415171945,0.000639316953303524,0.41289171317449747
25-1071.00,"Health Specialties Teachers, Postsecondary",-0.7663928730923646,0.5345279785718127,0.8795904814695136
25-1072.00,"Nursing Instructors and Teachers, Postsecondary",-0.21642498569296273,0.8762771261919301,1.655967008533885
25-1081.00,"Education Teachers, Postsecondary",-1.3298659302997407,0.2744333704686336,0.7979018109713388
25-1082.00,"Library Science Teachers, Postsecondary",-1.435228949855749,0.3728890876600456,0.2580062410746506
25-1111.00,"Criminal Justice and Law Enforcement Teachers, Postsecondary",-1.3765931448373459,-0.07833310661757803,0.7453207137965796
25-1112.00,"Law Teachers, Postsecondary",-1.8844306551015166,0.05756115254841261,-0.12340298082791175
25-1113.00,"Social Work Teachers, Postsecondary",-1.4537043981806113,0.3491849223978038,0.9943815950804076
25-1121.00,"Art, Drama, and Music Teachers, Postsecondary",-0.8662934985967603,0.1594924669736319,1.0171327194380348
25-1122.00,"Communications Teachers, Postsecondary",-1.3789235363191625,0.4225360790146872,0.9227470575102338
25-1123.00,"English Language and Literature Teachers, Postsecondary",-1.705375814604514,-0.08303592463403275,0.8470590575113379
25-1124.00,"Foreign Language and Literature Teachers, Postsecondary",-1.931694831409954,-0.6856583310538726,0.19003510478314548
25-1125.00,"History Teachers, Postsecondary",-1.706189971844149,0.0063844254368634465,0.449924094600702
25-1126.00,"Philosophy and Religion Teachers, Postsecondary",-1.810486924443461,-0.3081092102809784,0.3686049655805307
25-1192.00,"Family and Consumer Sciences Teachers, Postsecondary",-1.2470420649589378,0.04411840869097685,0.45904527608956586
25-1193.00,"Recreation and Fitness Studies Teachers, Postsecondary",-0.8534546803042362,0.36844345243811033,0.9274604548442662
25-1194.00,"Career/Technical Education Teachers, Postsecondary",0.060940070331396264,0.38767950782092714,0.5501771194583616
25-2011.00,"Preschool Teachers, Except Special Education",-0.6375944563980487,-0.9370154222485509,1.3435640287840744
25-2012.00,"Kindergarten Teachers, Except Special Education",-0.6520770432304547,-0.17124555877442152,1.6254966442679357
25-2021.00,"Elementary School Teachers, Except Special Education",-0.7047187861160815,0.182327226007464,1.7397945791495788
25-2022.00,"Middle School Teachers, Except Special and Career/Technical Education",-0.8575509425431997,0.4105059137408402,1.284176844953073
25-2023.00,"Career/Technical Education Teachers, Middle School",-0.508273467886959,0.2584044180931275,0.9662952865901611
25-2031.00,"Secondary School Teachers, Except Special and Career/Technical Education",-0.8780488270221388,0.34795964720900635,1.1599095926698686
25-2032.00,"Career/Technical Education Teachers, Secondary School",0.3587135120125516,1.1001233668562844,1.3775903820619009
25-2051.00,"Special Education Teachers, Preschool",-0.5385835141061923,-0.28038277732615874,1.5931658859473732
25-2055.00,"Special Education Teachers, Kindergarten",-0.7678211092859687,-0.30378820819936025,1.3421857019534644
25-2056.00,"Special Education Teachers, Elementary School",-0.5947786645366081,0.4221502593573276,1.0739750743988496
25-2057.00,"Special Education Teachers, Middle School",-0.7890725895969479,-0.06579699462327247,1.579598922035409
25-2058.00,"Special Education Teachers, Secondary School",-0.5929058829722424,0.5552309399031051,1.6007037761185103
25-2059.01,Adapted Physical Education Specialists,0.11560062664831625,-0.03352549511259068,1.9219070577813706
25-3011.00,"Adult Basic Education, Adult Secondary Education, and English as a Second Language Instructors",-1.4532455837580904,-0.47498273335966795,0.33570652925793804
25-3021.00,Self-Enrichment Teachers,-1.1485028602345735,-0.9819161799196273,0.2744989849684016
25-3031.00,"Substitute Teachers, Short-Term",-1.3240650652531718,-1.3164137355269745,0.3302405844580759
25-3041.00,Tutors,-1.5878069379160993,-0.33134134660635123,0.441499702049321
25-4011.00,Archivists,-0.8362062193917991,0.08946170418486626,0.04303643253136933
25-4012.00,Curators,-0.6491588761608089,0.6059274197024952,0.2711735945085212
25-4013.00,Museum Technicians and Conservators,0.07740601891436434,0.5092367745934152,-0.4357506094411938
25-4022.00,Librarians and Media Collections Specialists,-1.0160031229996038,0.11333332959333502,0.4922754706527448
25-4031.00,Library Technicians,-0.9562458627293023,-1.3576836521106777,0.0669906399849991
25-9021.00,Farm and Home Management Educators,-0.20190434532452572,0.9297663857654347,0.8052835135031997
25-9031.00,Instructional Coordinators,-0.9706276701395637,0.9215074920945098,1.0432183690601635
25-9042.00,"Teaching Assistants, Preschool, Elementary, Middle, and Secondary School, Except Special Education",-0.3217482777197937,-0.4914533160981148,1.3203975820866847
25-9043.00,"Teaching Assistants, Special Education",-0.8258031556196942,-0.9997401578921175,0.9590690711268807
25-9044.00,"Teaching Assistants, Postsecondary",-1.3143158551279412,-0.5187246493400473,-0.2745750977278544
27-1011.00,Art Directors,-1.1507454720879187,0.4194909573322033,-0.4592067493533976
27-1012.00,Craft Artists,-0.7534618214237486,-1.1370855269470614,-1.6214543584450518
27-1013.00,"Fine Artists, Including Painters, Sculptors, and Illustrators",-0.778319329449357,-1.0123166786559148,-1.7179051668742875
27-1014.00,Special Effects Artists and Animators,-0.8945376339918136,0.2532300035686691,-0.9627015778271001
27-1021.00,Commercial and Industrial Designers,-0.3430223143883496,0.8500344594066609,-1.3318240296102228
27-1022.00,Fashion Designers,-0.5637740400185434,0.38177385685536175,-0.4174542407309396
27-1023.00,Floral Designers,-0.21575915592065315,-0.7531300223293137,0.42965403066755503
27-1024.00,Graphic Designers,-1.1958772175273962,0.007067531098440706,-0.6051523007606008
27-1025.00,Interior Designers,-0.5982200156590934,0.9386255660770622,0.04065519990436352
27-1026.00,Merchandise Displayers and Window Trimmers,-0.139867676674,-0.9532016096684842,0.28332160276072066
27-1027.00,Set and Exhibit Designers,-0.25326895762594964,0.6742852875673782,-0.6686887652199074
27-2011.00,Actors,-1.2445708718258157,-1.806918250126382,0.43685807058947945
27-2012.00,Producers and Directors,-0.37137443912149837,0.9551671643088289,0.3063900317684171
27-2012.03,Media Programming Directors,-0.6015253854605784,1.0936232741923708,0.45457040544897626
27-2012.04,Talent Directors,-1.4303721812085017,-0.3967062118043699,0.47915891454045917
27-2012.05,Media Technical Directors/Managers,0.19024347338425235,0.9211770936363961,-0.1153601550701902
27-2021.00,Athletes and Sports Competitors,0.7868266914896652,-0.40068496026912964,1.1991926552289616
27-2022.00,Coaches and Scouts,-0.1048433945711592,0.6595573974681628,1.4378491328788467
27-2023.00,"Umpires, Referees, and Other Sports Officials",-0.39091718727086217,-1.162611652838079,0.38445696761870524
27-2031.00,Dancers,-0.24719464415186967,-2.6651062589239034,1.0874349260053109
27-2032.00,Choreographers,-0.056007092406234686,-0.8416325838014597,1.857914308770498
27-2041.00,Music Directors and Composers,-0.737068585835388,-0.2738362774800744,0.5359838398538898
27-2042.00,Musicians and Singers,-0.7187034347073457,-1.292943437439467,-0.2392710969212516
27-2091.00,"Disc Jockeys, Except Radio",-0.1403369227314189,-0.6330382031316172,0.24269440786302404
27-3011.00,Broadcast Announcers and Radio Disc Jockeys,-0.8195152360592599,-0.20386984207025427,0.35293635065086554
27-3023.00,"News Analysts, Reporters, and Journalists",-0.9458396725679309,0.3289618513838492,-0.00994269329291073
27-3031.00,Public Relations Specialists,-1.3794911431184733,0.22753579441723878,0.8412283418271416
27-3041.00,Editors,-0.9258365644472104,0.7666072101690391,0.31671675442498565
27-3042.00,Technical Writers,-1.369048847554375,-0.23604639342426276,-1.057072140566414
27-3043.00,Writers and Authors,-1.8661819747285482,-0.5477668720324632,-0.6976187251068239
27-3043.05,"Poets, Lyricists and Creative Writers",-2.0856747237942383,-0.967192944434148,-1.2733196777011493
27-3091.00,Interpreters and Translators,-0.8802172211565072,-0.3778156409904022,0.8417216137733937
27-3092.00,Court Reporters and Simultaneous Captioners,-1.512213772723533,-1.6331213838726752,-0.8829476497118466
27-4011.00,Audio and Video Technicians,0.319982513665269,0.41648582265015843,-0.5388932979213663
27-4012.00,Broadcast Technicians,0.4364480833616779,0.8391798144397713,-1.0523901141315066
27-4014.00,Sound Engineering Technicians,-0.05068893589634839,0.30707146893372367,-0.6469794386007692
27-4021.00,Photographers,0.022487071492580273,-0.039045501292243316,0.24561039592557599
27-4031.00,"Camera Operators, Television, Video, and Film",0.5400888023301351,-0.07416618515088158,0.011506620307592015
27-4032.00,Film and Video Editors,-0.7737376762706927,0.2974784211767999,-0.6325954371322048
29-1011.00,Chiropractors,-0.3009960916732948,0.10430579730306659,1.1594482888424766
29-1021.00,"Dentists, General",0.7046056770876626,1.135834232953505,1.075932976035414
29-1022.00,Oral and Maxillofacial Surgeons,0.840447860926307,1.349029909269768,1.221365366800642
29-1023.00,Orthodontists,0.06123717769093992,0.8730355614014391,0.8653174495958988
29-1024.00,Prosthodontists,0.6347514809463833,0.9191226884452839,1.054388875733946
29-1031.00,Dietitians and Nutritionists,-1.0910765032147347,0.6253829796011502,0.5837426453677677
29-1041.00,Optometrists,-0.10782106566538109,1.13486878249705,0.878546845292194
29-1051.00,Pharmacists,-0.3178437956652686,1.0248252891183252,0.9025190194913002
29-1071.00,Physician Assistants,0.01599290642399637,0.9947511801155074,1.7116388120723984
29-1071.01,Anesthesiologist Assistants,0.6352495072236944,0.545274030440142,0.47527641782917135
29-1081.00,Podiatrists,0.04230255108281177,0.9837077612735906,0.9336141995167304
29-1122.00,Occupational Therapists,-0.21189697308870634,0.4463443003493492,1.68632447501965
29-1122.01,"Low Vision Therapists, Orientation and Mobility Specialists, and Vision Rehabilitation Therapists",-0.33832853744281255,-0.18963164998745938,1.2257775019831483
29-1123.00,Physical Therapists,0.09321207049385537,0.2803349981431274,1.844907074624395
29-1124.00,Radiation Therapists,0.8794149713615338,0.44162010170336724,0.8140213182495565
29-1125.00,Recreational Therapists,-0.13050255479092704,-0.14007758711927812,2.2058321751982533
29-1126.00,Respiratory Therapists,0.6433118821575866,0.7856073757993282,1.0793864857909297
29-1127.00,Speech-Language Pathologists,-0.8332574986597465,0.5235306062435217,1.0840252386739218
29-1128.00,Exercise Physiologists,-0.21719605460015295,0.27023423122600937,1.1866972094381427
29-1129.01,Art Therapists,-0.8533847583236656,-0.226552585896938,1.5445861459163195
29-1129.02,Music Therapists,-0.48484227675929087,-0.16722297558201735,1.8109539350802475
29-1131.00,Veterinarians,0.31963889502183374,0.5894925543696587,1.0196423935277459
29-1141.00,Registered Nurses,0.4318200489411391,0.7005941612420525,1.8317881557505042
29-1141.01,Acute Care Nurses,0.5145262833365892,0.829110627779992,1.9825311020905796
29-1141.02,Advanced Practice Psychiatric Nurses,-0.7238794216011196,0.8920665538233387,1.6022280113313103
29-1141.03,Critical Care Nurses,0.7829782285115797,0.9628187620496795,1.8214906715662533
29-1141.04,Clinical Nurse Specialists,0.06158018300053734,0.9770121778581174,1.7087245661405839
29-1151.00,Nurse Anesthetists,1.0188335834925002,1.650900175248045,1.212945531594046
29-1161.00,Nurse Midwives,0.09935189355052855,0.723804016021208,1.9682301190196037
29-1171.00,Nurse Practitioners,0.1531236125102593,1.0118099900997464,1.6511576299898971
29-1181.00,Audiologists,-0.17033502444735388,1.0693532362655103,1.0149823629546761
29-1211.00,Anesthesiologists,0.9051079887218043,1.9296705342641187,1.6926370779754811
29-1213.00,Dermatologists,-0.3606422570883808,0.48602795312001634,1.23328166462834
29-1214.00,Emergency Medicine Physicians,0.5585076244682148,1.2414607868401926,2.2348069822102397
29-1215.00,Family Medicine Physicians,-0.7148257971955517,0.5963240351070832,1.2763869441379843
29-1216.00,General Internal Medicine Physicians,-0.2054601707792571,1.0263963667700566,1.090997856446741
29-1217.00,Neurologists,-0.39581605297166206,1.5386586214578888,1.112439111768177
29-1218.00,Obstetricians and Gynecologists,0.13013240411711838,1.1405405202268206,1.6173400144404548
29-1221.00,"Pediatricians, General",-0.4867932704265019,0.6469954628856676,1.5371815465726768
29-1222.00,"Physicians, Pathologists",-0.19414092625225193,1.39399892099204,-0.310710094622285
29-1223.00,Psychiatrists,-0.6125044755742095,1.0279660241863025,1.7840753434783732
29-1224.00,Radiologists,0.1314094525646286,1.3670070718321643,0.40839601214701177
29-1229.01,Allergists and Immunologists,-0.4779283111506132,1.051785363883026,1.0846674415736415
29-1229.02,Hospitalists,-0.07948370300081943,1.076827644457995,1.8097732600740493
29-1229.03,Urologists,0.5654327359317315,1.5372846308064971,1.5668289812477671
29-1229.04,Physical Medicine and Rehabilitation Physicians,-0.2089241027408809,0.9478809030154236,1.0210019955594378
29-1229.05,Preventive Medicine Physicians,-0.478064315479028,1.6472612505857196,1.0258455716151367
29-1229.06,Sports Medicine Physicians,-0.18437933294674805,0.9437378209342543,1.3665598185684205
29-1241.00,"Ophthalmologists, Except Pediatric",0.5415808779905643,1.5177563912719096,1.131219148945026
29-1291.00,Acupuncturists,-0.8462171209203655,-0.7303602524983973,0.8940082897008218
29-1292.00,Dental Hygienists,0.055752261659585675,-0.5221891113286535,0.5830895533707625
29-1299.01,Naturopathic Physicians,-0.7623578528746261,0.7591203256991969,0.9741117116933287
29-1299.02,Orthoptists,-0.6760258779587738,-0.14170948841275327,0.639586038666921
29-2011.00,Medical and Clinical Laboratory Technologists,0.6762481125993622,1.1884398113981118,-0.3110267169141387
29-2011.01,Cytogenetic Technologists,-0.4465718252145175,0.20572417411298086,-1.5161587726292436
29-2011.02,Cytotechnologists,-0.4394106537535738,-0.224447342246308,-1.1064149305899722
29-2011.04,Histotechnologists,0.23956941949895205,-0.1501871954791264,-0.7996257899373667
29-2012.00,Medical and Clinical Laboratory Technicians,0.2383528926656893,0.2655273162817901,-0.5907333268980381
29-2012.01,Histology Technicians,0.09407101663139093,-0.5422675300787763,-0.9192364171486127
29-2031.00,Cardiovascular Technologists and Technicians,0.2865818137740678,-0.0017636048038045114,0.5279062627212593
29-2032.00,Diagnostic Medical Sonographers,0.2606839872407603,-0.1180561139077229,0.46166487390422634
29-2033.00,Nuclear Medicine Technologists,0.27781154954291326,0.3508833176741101,0.47313618438798394
29-2034.00,Radiologic Technologists and Technicians,0.7809280979671571,0.2073289506892443,1.1076501764195814
29-2035.00,Magnetic Resonance Imaging Technologists,0.36471526813229765,0.18758128907503485,0.4183958714007524
29-2036.00,Medical Dosimetrists,-0.5057804782155012,1.0696230884451976,-1.0851531113496589
29-2043.00,Paramedics,1.2491185020158782,0.028169926653700814,2.007511767498332
29-2051.00,Dietetic Technicians,0.4164451092996089,0.18964973243445885,1.1423987283297246
29-2052.00,Pharmacy Technicians,-0.15610676963002604,-0.23775110241849648,0.6276700976798885
29-2053.00,Psychiatric Technicians,-0.31963590155680843,-0.6736853842424091,1.8644456432514367
29-2055.00,Surgical Technologists,1.017972636525432,0.31243874524555404,0.8151294788090134
29-2056.00,Veterinary Technologists and Technicians,0.6532113821784219,0.20681368409853004,0.7438950283940093
29-2057.00,Ophthalmic Medical Technicians,-0.6030898588382194,-0.9357373849035858,0.5163747889796838
29-2061.00,Licensed Practical and Licensed Vocational Nurses,0.23805398937229752,0.0749944225691575,1.6801245376933513
29-2072.00,Medical Records Specialists,-0.9544951854107362,-0.6363729363681803,0.12303593608650147
29-2081.00,"Opticians, Dispensing",-0.13631131689359252,0.46968909045780655,0.6765493830334712
29-2091.00,Orthotists and Prosthetists,0.5881841633925653,0.9851164938531869,0.6060426317011359
29-2092.00,Hearing Aid Specialists,-0.48840838865049374,-0.005180085487345206,0.4638171432249158
29-2099.01,Neurodiagnostic Technologists,0.29595979998335764,0.38844749094100206,0.7260540790382616
29-2099.05,Ophthalmic Medical Technologists,-0.4136899466408335,-0.5400273889716826,0.7916972779820209
29-2099.08,Patient Representatives,-1.0772546681257498,-0.08374196312255064,1.3645324935116412
29-9091.00,Athletic Trainers,0.23971094153157516,0.0607720677449438,1.5266773192867458
29-9092.00,Genetic Counselors,-1.3887854561568491,0.4019432159081023,0.9052040982542437
29-9093.00,Surgical Assistants,1.084540710557373,0.30219927165111826,1.0134391476474767
29-9099.01,Midwives,-0.1587286165033142,0.2619613892769583,1.542855085321447
31-1121.00,Home Health Aides,0.19006474178746696,-0.7338655674955994,1.8246159237816733
31-1122.00,Personal Care Aides,0.17358376232016223,-0.871542703793645,1.6018991059802714
31-1131.00,Nursing Assistants,0.05673318708102187,-1.2884471580391217,1.5198195948759012
31-1132.00,Orderlies,0.15969150078615446,-2.0807538247646455,1.3753011899160181
31-1133.00,Psychiatric Aides,0.13183052650800636,-0.6938245131323348,1.870817144184992
31-2011.00,Occupational Therapy Assistants,0.08808230163482915,-0.3675285562431096,1.9270854856557422
31-2012.00,Occupational Therapy Aides,-0.002307669447006929,-0.7771105724175399,1.7846823865415822
31-2021.00,Physical Therapist Assistants,0.08057638199534421,-0.3014939626815951,1.484580470891003
31-2022.00,Physical Therapist Aides,-0.23996844792257294,-1.1829182835958771,1.094991067147539
31-9011.00,Massage Therapists,-1.0522281267668239,-2.2629451476392215,0.41606179059951803
31-9091.00,Dental Assistants,0.25931192043590606,-0.3869402259863614,0.9602751611097284
31-9092.00,Medical Assistants,-0.06366776164866923,0.23762649752721723,1.0984107938458447
31-9093.00,Medical Equipment Preparers,0.9328266171029784,0.011036141595348015,0.3503925330278123
31-9094.00,Medical Transcriptionists,-1.2837371879829684,-1.0901436299057887,-0.445568474939575
31-9095.00,Pharmacy Aides,-0.5377890698756359,-0.9594201933435108,0.5771042110767995
31-9096.00,Veterinary Assistants and Laboratory Animal Caretakers,0.39418038840521885,-0.6843145146351045,0.8088028137685943
31-9097.00,Phlebotomists,0.13469196667529965,-0.5801489173396702,1.2698130994532397
31-9099.01,Speech-Language Pathology Assistants,-1.1793339298445191,-0.6054291897887806,0.35746159329421956
31-9099.02,Endoscopy Technicians,0.6473434195303758,-0.19074122875031155,0.5774956259821401
33-1011.00,First-Line Supervisors of Correctional Officers,0.8272959451141179,0.4404810213510808,2.680973651213494
33-1012.00,First-Line Supervisors of Police and Detectives,0.9459458798136589,0.8672957593753794,2.34164934617196
33-1021.00,First-Line Supervisors of Firefighting and Prevention Workers,1.5975843083164174,1.045351934852543,1.8962922287655077
33-1091.00,First-Line Supervisors of Security Workers,0.7618546219992665,0.7929321964317719,1.775077233631736
33-2011.00,Firefighters,1.9646955828891415,0.1474282151464473,1.2482483969533722
33-2021.00,Fire Inspectors and Investigators,0.8373488506471607,0.7057437506766827,1.0719132594940548
33-2022.00,Forest Fire Inspectors and Prevention Specialists,1.3376630173210824,0.6531657170554933,1.3224301991372935
33-3011.00,Bailiffs,-0.26128759287434633,-1.1725103365188416,1.6407109095281047
33-3012.00,Correctional Officers and Jailers,0.9556274008141722,0.08818861530575609,2.2186164523136265
33-3021.00,Detectives and Criminal Investigators,1.138354474741123,1.096277257135499,2.322742499403081
33-3021.02,Police Identification and Records Officers,0.19177468535893458,0.113262894969694,0.36681412935902113
33-3021.06,Intelligence Analysts,-1.2332296463068122,0.520533350217792,-0.2300297717391693
33-3031.00,Fish and Game Wardens,0.891222947185893,0.262758854834505,1.2840659734205742
33-3041.00,Parking Enforcement Workers,0.12738890641980907,-1.2698497508276978,1.0327288384982387
33-3051.00,Police and Sheriff's Patrol Officers,1.337488709699763,0.510178229249227,2.579586502524222
33-3051.04,Customs and Border Protection Officers,0.7264805224641111,0.40550817583692805,1.6318016632578816
33-3052.00,Transit and Railroad Police,1.204046678193384,0.3243369901036839,2.223395380112315
33-9011.00,Animal Control Workers,0.6590895252606449,-0.46470112379020534,2.152182664855099
33-9021.00,Private Detectives and Investigators,-0.49969291016379747,0.316007823542801,0.27358448391343093
33-9031.00,Gambling Surveillance Officers and Gambling Investigators,-0.08196984403895721,0.2580896012520573,0.3509376110173312
33-9032.00,Security Guards,0.4379026298947667,-0.2093240127645727,1.8405711911836247
33-9091.00,Crossing Guards and Flaggers,-0.43807097717533505,-2.5534748626905195,0.3863869139505191
33-9092.00,"Lifeguards, Ski Patrol, and Other Recreational Protective Service Workers",0.35883569453504044,-1.2275337906873534,1.4262545569330354
33-9093.00,Transportation Security Screeners,0.5668302660551308,-0.9112472698110617,0.935543598605612
33-9094.00,School Bus Monitors,-0.3298157975151188,-1.636046442829705,0.7286235954670051
33-9099.02,Retail Loss Prevention Specialists,0.04419707340084168,0.1785342094510706,1.0339854548511618
35-1011.00,Chefs and Head Cooks,1.0064491250484204,0.6133607054225448,1.3130656061204156
35-1012.00,First-Line Supervisors of Food Preparation and Serving Workers,0.010707110476226432,-0.11779468541266745,1.0668990011867678
35-2011.00,"Cooks, Fast Food",-0.4686487048554135,-2.1142502407151786,0.06423417512875182
35-2012.00,"Cooks, Institution and Cafeteria",0.14854686273588538,-0.8560377917618673,0.34726981067398816
35-2013.00,"Cooks, Private Household",-0.37758643184528445,-1.0956223284094115,-0.442049464648495
35-2014.00,"Cooks, Restaurant",-0.2108923708977465,-2.020751082520695,-0.5791878188023014
35-2015.00,"Cooks, Short Order",-0.34507163164733645,-1.916921864971493,-0.3929228141254913
35-2021.00,Food Preparation Workers,-0.6635432459287444,-2.348318384124089,-0.4043438181576478
35-3011.00,Bartenders,-0.30160388111307124,-1.145347552803408,0.9077155388098627
35-3023.00,Fast Food and Counter Workers,-0.7407483739912814,-2.5896570792220683,0.4708641539742384
35-3023.01,Baristas,-0.4994082594094115,-2.210025998786118,0.6428227123585228
35-3031.00,Waiters and Waitresses,-0.6685937665673031,-2.0876036417515054,0.670964216551548
35-3041.00,"Food Servers, Nonrestaurant",-0.19860656781206126,-1.714546984883494,0.7118732925425785
35-9011.00,Dining Room and Cafeteria Attendants and Bartender Helpers,-0.4548286714210995,-2.3992818017728865,0.6788913902446048
35-9021.00,Dishwashers,-0.514790557954977,-2.7603035439508727,-0.586327250931334
35-9031.00,"Hosts and Hostesses, Restaurant, Lounge, and Coffee Shop",-0.8438895765729936,-2.061866666562752,0.7809010396399308
37-1011.00,First-Line Supervisors of Housekeeping and Janitorial Workers,0.39632449751620136,-0.17305716967570245,1.0468395339075205
37-1012.00,"First-Line Supervisors of Landscaping, Lawn Service, and Groundskeeping Workers",1.5961847629143353,0.8098694569110765,1.1609345713327384
37-2011.00,"Janitors and Cleaners, Except Maids and Housekeeping Cleaners",-0.042369663852124186,-1.792386399391118,0.0481297410703631
37-2012.00,Maids and Housekeeping Cleaners,-0.5542069825043434,-2.5588645476622744,0.11541189823950139
37-2021.00,Pest Control Workers,1.0679501548120278,0.016751362622746506,0.503632283876565
37-3011.00,Landscaping and Groundskeeping Workers,-0.6622272527086294,-3.495456866869681,-1.4513062967298593
37-3012.00,"Pesticide Handlers, Sprayers, and Applicators, Vegetation",0.7052447675941524,-0.8693284265225996,-0.14453752657941046
37-3013.00,Tree Trimmers and Pruners,1.617806225266381,-0.9034268124043435,0.2022387065792569
39-1013.00,First-Line Supervisors of Gambling Services Workers,-0.01642491095336679,-0.37322122408370734,1.1898875430263844
39-1014.00,"First-Line Supervisors of Entertainment and Recreation Workers, Except Gambling Services",-0.2704507283930343,-0.41665137402664826,1.5251859888171426
39-1022.00,First-Line Supervisors of Personal Service Workers,-0.06789632768908152,0.03521314288740099,1.6524000939551242
39-2011.00,Animal Trainers,0.2795417830057315,-0.7260830349142828,1.0982442029678905
39-2021.00,Animal Caretakers,-0.05857039448360953,-1.4956933551383529,0.6853243741620769
39-3011.00,Gambling Dealers,-0.9422729647704475,-2.2683131879861276,0.2639127525343327
39-3012.00,Gambling and Sports Book Writers and Runners,-0.8702949186659883,-1.5994318217972887,-0.0710923275658228
39-3021.00,Motion Picture Projectionists,-0.2471919329098617,-1.4000952355499763,-1.0983173809930273
39-3031.00,"Ushers, Lobby Attendants, and Ticket Takers",-0.9933200360260749,-2.44007989005534,0.20861892759946035
39-3091.00,Amusement and Recreation Attendants,-0.5647245452166076,-1.975891704490254,0.5912444512379175
39-3092.00,Costume Attendants,-0.30247665687276437,-1.107160813417496,0.012284650199416802
39-3093.00,"Locker Room, Coatroom, and Dressing Room Attendants",-0.8692241572868046,-2.208832762705112,0.6766123453000628
39-4011.00,Embalmers,0.47374156903210457,-0.4034250243606607,1.1606661003785925
39-4021.00,Funeral Attendants,-0.7275995033807715,-1.9945395526254068,0.28036264414311696
39-4031.00,"Morticians, Undertakers, and Funeral Arrangers",0.14774901804834867,0.027311019199276854,1.6499465547885326
39-5011.00,Barbers,-0.30203391387422196,-1.3779167287361143,0.8907600963299231
39-5012.00,"Hairdressers, Hairstylists, and Cosmetologists",-0.34239758391797387,-0.8632999702574041,0.7249642443851899
39-5091.00,"Makeup Artists, Theatrical and Performance",0.11074106227612451,-0.25555222451484094,0.6260231128879608
39-5092.00,Manicurists and Pedicurists,-1.3138457967314388,-2.429294024955338,-0.7438615082996605
39-5093.00,Shampooers,-0.9042726620035543,-2.328337000940785,0.34641230549091284
39-5094.00,Skincare Specialists,-0.3602735877866377,-0.5907710694919652,0.9055825002222255
39-6011.00,Baggage Porters and Bellhops,0.3046191367911514,-1.3485316103103404,1.206755809470897
39-6012.00,Concierges,-1.1265821114738264,-0.8294495090320798,1.2113549203161735
39-7011.00,Tour Guides and Escorts,-1.1915982049462988,-1.8118840492686878,0.6114030705823167
39-7012.00,Travel Guides,-0.14980406101450264,-0.20616015274368757,0.9779131580684831
39-9011.00,Childcare Workers,-0.5376960616421508,-1.248627104084931,0.9617866735660268
39-9011.01,Nannies,-0.09664905673227031,-1.0273192486434681,1.5232921216147979
39-9031.00,Exercise Trainers and Group Fitness Instructors,-0.20927298594562269,-1.55174169534963,1.5245961446415943
39-9032.00,Recreation Workers,-0.1840967364040813,-0.037292832559493054,1.6435659204836564
39-9041.00,Residential Advisors,-0.31901687639999265,-0.2319147563558678,1.793539417025174
41-1011.00,First-Line Supervisors of Retail Sales Workers,-0.4440283140369879,-0.38502571068683267,1.2515572877956775
41-1012.00,First-Line Supervisors of Non-Retail Sales Workers,-0.5135470014895833,0.7149950424414823,0.8099260165372776
41-2011.00,Cashiers,-0.9816252361776177,-2.2004448184938465,0.18518521739942018
41-2012.00,Gambling Change Persons and Booth Cashiers,-0.27934489208181573,-1.1873128370401866,0.3399346655704635
41-2021.00,Counter and Rental Clerks,-0.38416994640677493,-0.9317007165392759,0.5081780014067796
41-2022.00,Parts Salespersons,0.3415386910133263,-0.025307438348507058,0.864016147303239
41-2031.00,Retail Salespersons,-0.7455747436246215,-1.065502586494367,0.734472233095676
41-3011.00,Advertising Sales Agents,-1.254341000273428,0.14056313497856676,0.19134233702713932
41-3021.00,Insurance Sales Agents,-1.4276643364386166,-0.46922750430737614,0.08009343747804286
41-3031.00,"Securities, Commodities, and Financial Services Sales Agents",-1.3546244432815313,0.1561041146675266,-0.14432432217852312
41-3041.00,Travel Agents,-1.4635465401299836,-0.4503750244069374,-0.016971173299914457
41-3091.00,"Sales Representatives of Services, Except Advertising, Insurance, Financial Services, and Travel",-1.2410116746754036,-0.2343291583414245,0.22095044041511178
41-4011.00,"Sales Representatives, Wholesale and Manufacturing, Technical and Scientific Products",-1.1764329307382437,-0.4135466027532258,-0.0071630809268943794
41-4011.07,Solar Sales Representatives and Assessors,-0.8401294286757304,0.2025217209165844,-0.45056873644236395
41-4012.00,"Sales Representatives, Wholesale and Manufacturing, Except Technical and Scientific Products",-0.8772091444024362,-0.6130423412581298,0.6258175051920614
41-9011.00,Demonstrators and Product Promoters,-0.7227338957953814,-1.2686882277872504,0.5373140795869075
41-9012.00,Models,-1.761068874435938,-3.621288222571564,-0.8186704818607657
41-9021.00,Real Estate Brokers,-1.2336010582233572,-0.1175512091358016,0.4576293357256347
41-9022.00,Real Estate Sales Agents,-0.6387109912125439,0.06554602775796556,0.5153506147195002
41-9031.00,Sales Engineers,-1.027887633846295,0.9457637701811951,-0.6994372038345873
41-9041.00,Telemarketers,-1.7642376433444305,-1.571047105154301,0.15916968229565367
41-9091.00,"Door-to-Door Sales Workers, News and Street Vendors, and Related Workers",-1.7539768456443416,-1.622789828677827,0.46616771006449964
43-1011.00,First-Line Supervisors of Office and Administrative Support Workers,-0.6864268448679265,0.675322100215774,0.6478724168005167
43-2011.00,"Switchboard Operators, Including Answering Service",-1.428331434604673,-1.6905875785836553,0.3311237309573993
43-2021.00,Telephone Operators,-1.299102519108462,-1.5612733231774654,0.27253909369524826
43-3011.00,Bill and Account Collectors,-1.5612815932502973,-1.1012392163075628,-0.07139028619664288
43-3021.00,Billing and Posting Clerks,-1.6335938147780178,-1.2506850118269732,-0.8609891926046476
43-3031.00,"Bookkeeping, Accounting, and Auditing Clerks",-1.4419958179187777,-0.8127527766245664,-0.7297832431092467
43-3041.00,Gambling Cage Workers,-0.771084391141281,-1.2067426813720636,0.1844244390262901
43-3051.00,Payroll and Timekeeping Clerks,-1.6095942020852698,-0.8198064362479535,-0.9202234926069589
43-3061.00,Procurement Clerks,-1.177961700643158,-0.21433929853279865,-0.16546683809471396
43-3071.00,Tellers,-0.5882030974386412,-0.5430623171723268,0.4264275449147699
43-4011.00,Brokerage Clerks,-1.5251532963342158,-0.6533849420848645,-0.6186605433056487
43-4021.00,Correspondence Clerks,-1.478769578307766,-0.676477430140496,-0.2950834159740306
43-4031.00,"Court, Municipal, and License Clerks",-1.2959252514066295,-0.8267390407374172,0.1183559878375476
43-4041.00,"Credit Authorizers, Checkers, and Clerks",-1.2863557112417812,-0.6946079587156924,0.30058881422636224
43-4051.00,Customer Service Representatives,-1.1269209385320396,-0.565844949546973,0.5176146695637335
43-4061.00,"Eligibility Interviewers, Government Programs",-1.5703311467210779,-0.6553070447653004,0.369338112748878
43-4071.00,File Clerks,-0.764121483541228,-0.27060822445344423,0.19585105339070089
43-4081.00,"Hotel, Motel, and Resort Desk Clerks",-1.0128222737818622,-0.8574271493623905,0.7323208020992508
43-4111.00,"Interviewers, Except Eligibility and Loan",-0.9649245539785959,-0.3551266545369146,1.0813704768895223
43-4121.00,"Library Assistants, Clerical",-0.9262761889873946,-1.3171884733862245,0.4272666194412003
43-4131.00,Loan Interviewers and Clerks,-1.1728815643589838,0.4255286965101714,0.028179896403355408
43-4141.00,New Accounts Clerks,-1.3266510878751119,-0.9908712575112427,0.3295982207390815
43-4151.00,Order Clerks,-0.7503384121497794,0.020904755592402974,-0.047430912806690886
43-4161.00,"Human Resources Assistants, Except Payroll and Timekeeping",-1.2891940248487854,-0.4209921347938739,0.46806972622911797
43-4171.00,Receptionists and Information Clerks,-1.399548591683273,-1.3725939543024273,0.46341473048832166
43-4181.00,Reservation and Transportation Ticket Agents and Travel Clerks,-0.7029919299325057,-0.8001133025702457,1.077660871022035
43-5011.00,Cargo and Freight Agents,-0.2611361022051209,-0.6421021014928615,0.06340112838942069
43-5011.01,Freight Forwarders,-0.2525885002208218,0.6722075022022022,0.5731406140663883
43-5021.00,Couriers and Messengers,0.15520463972394785,-1.4623498878790715,0.23908983566403422
43-5031.00,Public Safety Telecommunicators,-0.2595496431670136,0.3234913160552236,1.646489153868547
43-5032.00,"Dispatchers, Except Police, Fire, and Ambulance",-0.5766391339023837,-0.07902720514849115,0.8849251998142055
43-5041.00,"Meter Readers, Utilities",0.3063340096371689,-1.3433261915327,-0.41945349385970526
43-5051.00,Postal Service Clerks,-0.27835777012967816,-1.104414166699772,0.3165123881930039
43-5052.00,Postal Service Mail Carriers,-0.28113469595366003,-2.5291601371671515,-0.10682293551239824
43-5053.00,"Postal Service Mail Sorters, Processors, and Processing Machine Operators",-0.2606510318691545,-2.0237580468790766,-0.6842647635900881
43-5061.00,"Production, Planning, and Expediting Clerks",-0.5911486119698235,-0.17505468162717952,-0.8134073609845847
43-5071.00,"Shipping, Receiving, and Inventory Clerks",0.21955191237530908,-0.7498369852404534,0.020941575194020724
43-5111.00,"Weighers, Measurers, Checkers, and Samplers, Recordkeeping",0.4321720435950715,-0.16456073190046383,-0.31163187860853314
43-6011.00,Executive Secretaries and Executive Administrative Assistants,-1.2223246334953828,-0.1506183905495218,0.10750723012674501
43-6012.00,Legal Secretaries and Administrative Assistants,-1.3659223749572866,-0.8252363526563641,0.0029696561981425998
43-6013.00,Medical Secretaries and Administrative Assistants,-1.3006292751318949,-0.8417501809447682,0.6897379291017388
43-6014.00,"Secretaries and Administrative Assistants, Except Legal, Medical, and Executive",-1.4189877764527363,-0.8797455939804825,0.17313903367087727
43-9021.00,Data Entry Keyers,-0.8926601447299246,-0.6493680155229798,-0.44451317395423384
43-9022.00,Word Processors and Typists,-1.2451161692650243,-1.1137292397858767,-0.10710431385374586
43-9031.00,Desktop Publishers,-0.8387276889686964,0.03510798377709518,-1.274681736464526
43-9041.00,Insurance Claims and Policy Processing Clerks,-1.4801518864112302,-0.8993310780156754,-0.5341381544971213
43-9051.00,"Mail Clerks and Mail Machine Operators, Except Postal Service",-0.23266613287074464,-1.4904931569315543,-0.2500740616233263
43-9061.00,"Office Clerks, General",-1.2868723131310726,-1.1127471273035507,-0.14075173488236511
43-9071.00,"Office Machine Operators, Except Computer",-0.3902837620256077,-1.0186382205909073,-1.0688991119867663
43-9081.00,Proofreaders and Copy Markers,-1.9308248643176176,-1.7208818456995314,-1.526328483367562
43-9111.00,Statistical Assistants,-1.3692371226814675,0.43538475017245537,-1.2125297018370254
45-1011.00,"First-Line Supervisors of Farming, Fishing, and Forestry Workers",1.2532554509218938,0.47262561062956676,0.38918591292658594
45-2011.00,Agricultural Inspectors,0.5518227882887139,0.2042295427201209,0.28712357568178626
45-2021.00,Animal Breeders,-0.10710251201358323,-1.284261614396265,-0.790367565204687
45-2041.00,"Graders and Sorters, Agricultural Products",-0.5684632073329883,-2.4466343046736383,-0.6840981116417532
45-2091.00,Agricultural Equipment Operators,0.853071949390267,-1.1868265189279692,-0.5375310368651208
45-2092.00,"Farmworkers and Laborers, Crop, Nursery, and Greenhouse",0.941800115519235,-1.2523529772821231,-0.27792566488653314
45-2093.00,"Farmworkers, Farm, Ranch, and Aquacultural Animals",0.9373197347742624,-0.7372202782135463,-0.0294407947503481
45-3031.00,Fishing and Hunting Workers,1.4027765306171602,-0.6796117043098738,0.18727346950208035
45-4011.00,Forest and Conservation Workers,0.9091601419894874,-0.7130237462400023,0.25179870091683293
45-4021.00,Fallers,1.426756435874093,-1.5126455401105274,-0.625647217126953
45-4022.00,Logging Equipment Operators,1.3647300468678878,-0.6496320893199917,-0.6947793618360844
45-4023.00,Log Graders and Scalers,0.6923987731673321,-0.3355937635863041,-0.48440742746123666
47-1011.00,First-Line Supervisors of Construction Trades and Extraction Workers,1.2905433840049179,0.6347561879259486,0.5894436414043479
47-1011.03,Solar Energy Installation Managers,1.379977684501869,0.7508169747393851,0.5007246459101319
47-2011.00,Boilermakers,1.3946703527289261,-0.33099822613881774,-0.5754097701886202
47-2021.00,Brickmasons and Blockmasons,1.6705489129383502,-0.518146931925104,-0.06449773378620333
47-2022.00,Stonemasons,1.7191029241942728,-0.16904464885944262,0.16203158401120027
47-2031.00,Carpenters,1.697914539823789,0.2059474156423389,0.11917509201989078
47-2041.00,Carpet Installers,0.84925391285531,-0.9719247199104605,-0.16638858268992798
47-2042.00,"Floor Layers, Except Carpet, Wood, and Hard Tiles",0.17196986251104335,-1.3119355674995719,-0.3057377555528362
47-2043.00,Floor Sanders and Finishers,1.2004344861341,-1.0503509648892313,0.03464422158037179
47-2044.00,Tile and Stone Setters,0.7550968732854356,-0.9590633962723809,-0.7473254948290378
47-2051.00,Cement Masons and Concrete Finishers,1.6335078658725104,-0.8399577151527113,0.3451742877602013
47-2053.00,Terrazzo Workers and Finishers,1.13301758974064,-1.2204369888374853,-0.41961543757517994
47-2061.00,Construction Laborers,1.3821321714878165,-0.894442139496023,0.08786319984314751
47-2071.00,"Paving, Surfacing, and Tamping Equipment Operators",1.4217118174918846,-1.0729194595816587,-0.1440363676996686
47-2072.00,Pile Driver Operators,1.7591867085189576,-0.7276956766028995,-0.3246098513342272
47-2073.00,Operating Engineers and Other Construction Equipment Operators,1.702189500799675,-0.27706514520926384,-0.05458329298437522
47-2081.00,Drywall and Ceiling Tile Installers,1.3526596402625968,-0.7982258303909423,0.08912727238160346
47-2082.00,Tapers,0.311877834010604,-2.070669251116704,-0.14304398139793367
47-2111.00,Electricians,2.2479397649334647,0.83652964459789,0.282617167643234
47-2121.00,Glaziers,1.2602813133691693,-0.7881361010619429,-0.02505885078759857
47-2131.00,"Insulation Workers, Floor, Ceiling, and Wall",1.0751245759907149,-1.3951818806736112,-0.21026241083187497
47-2132.00,"Insulation Workers, Mechanical",1.1130526371860932,-0.8883737665539359,0.26011669767441403
47-2141.00,"Painters, Construction and Maintenance",0.7578757832762893,-1.2986617156877256,0.4522871763483256
47-2142.00,Paperhangers,0.4187901658199567,-1.8166366174185222,-0.26346226190262095
47-2151.00,Pipelayers,0.9606125867108882,-1.3223955614315028,-0.07019536260128831
47-2152.00,"Plumbers, Pipefitters, and Steamfitters",1.7490792861390976,-0.04468089470643403,-0.23671076465166319
47-2152.04,Solar Thermal Installers and Technicians,1.3496029056270102,0.24260860402524942,-0.19924340987182715
47-2161.00,Plasterers and Stucco Masons,1.0410550252674533,-1.097744685009791,-0.10853061481743986
47-2171.00,Reinforcing Iron and Rebar Workers,1.5739124182629987,-0.9367404837088531,0.016247664838201187
47-2181.00,Roofers,1.8794855215434538,-0.6816605125223207,0.519355655937195
47-2211.00,Sheet Metal Workers,1.5237735634347394,0.0025867627203035233,-0.3843701952683562
47-2221.00,Structural Iron and Steel Workers,1.9245209289424305,-0.48970043431502497,-0.1672701697182179
47-2231.00,Solar Photovoltaic Installers,1.7757661735569867,0.09809780886482983,-0.09833777605464489
47-3011.00,"Helpers--Brickmasons, Blockmasons, Stonemasons, and Tile and Marble Setters",1.5527999423076184,-1.0405287783036814,-0.48406494306218484
47-3012.00,Helpers--Carpenters,1.300829895254415,-0.9508368207863824,-0.21560060421671143
47-3013.00,Helpers--Electricians,1.6706850601393657,-0.1608381850594992,0.1554970233952821
47-3014.00,"Helpers--Painters, Paperhangers, Plasterers, and Stucco Masons",0.8510680926621158,-1.5588471257267358,0.08961963293531341
47-3015.00,"Helpers--Pipelayers, Plumbers, Pipefitters, and Steamfitters",1.1601239935605685,-1.0827399175732533,-0.09278686990592352
47-3016.00,Helpers--Roofers,1.1920949769253324,-1.5234570096137672,0.10669394730713244
47-4011.00,Construction and Building Inspectors,0.4569095428340423,0.6432862651537069,0.2668237781728807
47-4011.01,Energy Auditors,0.5690851447583926,0.9026309880240657,-0.5226924700837972
47-4021.00,Elevator and Escalator Installers and Repairers,1.8023539470572505,0.22543030765320946,-0.30653171378845046
47-4031.00,Fence Erectors,1.30829467130581,-1.1734363042063698,0.3780623271736668
47-4041.00,Hazardous Materials Removal Workers,1.163974419408589,-0.4956850474324247,0.3069734574387586
47-4051.00,Highway Maintenance Workers,1.6411102772218615,-0.6023404300282434,0.8007210133733399
47-4061.00,Rail-Track Laying and Maintenance Equipment Operators,1.626827179171102,-0.30059499108565935,-0.020228143304521516
47-4071.00,Septic Tank Servicers and Sewer Pipe Cleaners,1.518236248689632,-0.734022620034245,0.17860460322517482
47-4091.00,Segmental Pavers,0.9295630256698565,-0.5517952928353228,0.5615105030949046
47-4099.03,Weatherization Installers and Technicians,1.5384810441300192,0.27464648018687576,0.17862014624657613
47-5011.00,"Derrick Operators, Oil and Gas",2.212612122873108,0.16491039469520724,0.43535099956538453
47-5012.00,"Rotary Drill Operators, Oil and Gas",1.9602185699979375,0.2339893740970113,0.33908392994718844
47-5013.00,"Service Unit Operators, Oil and Gas",2.3934711988434465,0.5615857114324216,0.5467464898583155
47-5022.00,"Excavating and Loading Machine and Dragline Operators, Surface Mining",1.767678746188462,-0.32112333869837284,-0.36703048284462797
47-5023.00,"Earth Drillers, Except Oil and Gas",1.6134376747400891,-0.34476319662289645,-0.5502791167947977
47-5032.00,"Explosives Workers, Ordnance Handling Experts, and Blasters",1.8716127769979538,0.6747524793319338,0.18907715723286894
47-5041.00,Continuous Mining Machine Operators,1.8435174690720426,-0.5818928509967836,-0.38415911879543974
47-5043.00,"Roof Bolters, Mining",2.206278758499529,-0.785782978292782,0.003033006474953075
47-5044.00,"Loading and Moving Machine Operators, Underground Mining",1.232836743987659,-1.3821725880537041,-0.5705685026366424
47-5051.00,"Rock Splitters, Quarry",0.7003423360670437,-1.9068317215498294,-0.8054258264464911
47-5071.00,"Roustabouts, Oil and Gas",1.5680302331190854,-0.850806614960287,-0.03354755447589132
47-5081.00,Helpers--Extraction Workers,2.2929191444726063,0.014836423066025561,0.25615931896220784
49-1011.00,"First-Line Supervisors of Mechanics, Installers, and Repairers",1.2655018308713946,1.2113644464363997,0.11348478009898583
49-2011.00,"Computer, Automated Teller, and Office Machine Repairers",0.4310327787334482,0.008336172291460811,-0.5493246707054256
49-2021.00,"Radio, Cellular, and Tower Equipment Installers and Repairers",1.2009532707628012,0.474605215351344,-0.31870714080453366
49-2022.00,"Telecommunications Equipment Installers and Repairers, Except Line Installers",1.4843145990028381,0.3039500133774167,-0.2810397187245966
49-2091.00,Avionics Technicians,0.7437574475308004,0.5118021541646864,-1.1537246617965704
49-2092.00,"Electric Motor, Power Tool, and Related Repairers",1.6746766551414463,0.4050138879789853,-0.7853977793969392
49-2093.00,"Electrical and Electronics Installers and Repairers, Transportation Equipment",1.243051850444282,-0.015901812175378244,-0.7102649227306416
49-2094.00,"Electrical and Electronics Repairers, Commercial and Industrial Equipment",1.0767069824631659,0.6309772592104329,-1.2065923086373045
49-2095.00,"Electrical and Electronics Repairers, Powerhouse, Substation, and Relay",1.6157852848267886,0.6689191166157769,-0.6666170159979172
49-2096.00,"Electronic Equipment Installers and Repairers, Motor Vehicles",1.26368587268047,0.24083994198454312,-0.5137277367228378
49-2097.00,Audiovisual Equipment Installers and Repairers,0.8972178983274053,0.11604270494785551,-0.7521064628159221
49-2098.00,Security and Fire Alarm Systems Installers,1.03019557882587,0.029718772818906936,-0.34075194372497336
49-3011.00,Aircraft Mechanics and Service Technicians,2.2052970537716603,1.19687350052031,-0.5438973528130195
49-3021.00,Automotive Body and Related Repairers,1.2283531890205381,-0.5333315069561164,-0.7251493041855779
49-3022.00,Automotive Glass Installers and Repairers,0.42856961443250774,-1.5948151489948579,-0.46624778967057195
49-3023.00,Automotive Service Technicians and Mechanics,1.4387655762582523,-0.09723526490180495,-0.8572437966764697
49-3031.00,Bus and Truck Mechanics and Diesel Engine Specialists,1.9660718187580883,0.03254116037330316,-0.5298291785699972
49-3041.00,Farm Equipment Mechanics and Service Technicians,1.8553082280804818,0.22242515671375276,-0.7390825416192234
49-3042.00,"Mobile Heavy Equipment Mechanics, Except Engines",2.11573450590193,0.33137226404296655,-0.6061520506263742
49-3043.00,Rail Car Repairers,1.8276574515095347,-0.38839812732949075,-0.6333013676156968
49-3051.00,Motorboat Mechanics and Service Technicians,1.444555065566927,-0.32995539920753364,-0.6288887723326477
49-3052.00,Motorcycle Mechanics,1.454439312132161,0.026519498582113974,-0.16846986136629374
49-3053.00,Outdoor Power Equipment and Other Small Engine Mechanics,1.0667543445462402,-0.4728128608171183,-0.6978751833629836
49-3091.00,Bicycle Repairers,1.0382769654775068,-0.03991158788200789,0.5655133553361358
49-3092.00,Recreational Vehicle Service Technicians,0.9780634076808524,-0.5259049667731754,-0.8351428361018622
49-3093.00,Tire Repairers and Changers,0.9682279287789004,-1.6906532855742147,-0.25036730187329226
49-9011.00,Mechanical Door Repairers,1.576014000952987,-0.3482847752460295,0.0513080234813861
49-9012.00,"Control and Valve Installers and Repairers, Except Mechanical Door",1.435491782827326,0.04704337437836498,-0.35629865420610934
49-9021.00,"Heating, Air Conditioning, and Refrigeration Mechanics and Installers",1.9130987312082632,0.9927012142528803,-0.20222043460373143
49-9031.00,Home Appliance Repairers,0.9629317637877612,-0.2628780917467944,-0.17175518624494132
49-9041.00,Industrial Machinery Mechanics,1.562826442564218,0.041976366668208566,-1.1925635224199262
49-9043.00,"Maintenance Workers, Machinery",1.3044513768790862,-0.4390305688419863,-0.9946983197565095
49-9044.00,Millwrights,2.4392612688461406,0.6596131987247137,0.1377830537957853
49-9045.00,"Refractory Materials Repairers, Except Brickmasons",1.3939265367930027,-1.176721901746099,-0.5450013183383655
49-9051.00,Electrical Power-Line Installers and Repairers,2.1035351190796767,-0.04444141215082683,0.20853078899122468
49-9052.00,Telecommunications Line Installers and Repairers,1.4848683010714063,-0.19355934522195134,0.11123727639212028
49-9061.00,Camera and Photographic Equipment Repairers,-0.43787456772410466,-0.5708484467117931,-1.9785249074187579
49-9062.00,Medical Equipment Repairers,0.8778444024388521,0.21180887951395685,-1.0815792623540867
49-9063.00,Musical Instrument Repairers and Tuners,0.41974696370084086,-0.3940684689401209,-1.1862355606704402
49-9064.00,Watch and Clock Repairers,-0.30927188229945135,-0.753786083083598,-1.796664708274514
49-9071.00,"Maintenance and Repair Workers, General",1.6898173861464256,0.17224875613974835,-0.2769234390372564
49-9081.00,Wind Turbine Service Technicians,2.394647799965715,0.640256198886107,0.08169956121918008
49-9091.00,"Coin, Vending, and Amusement Machine Servicers and Repairers",0.2174112059400594,-1.3173418986504284,-0.9942002981248064
49-9092.00,Commercial Divers,2.1453381833996845,0.5446473209536208,0.2787473305329677
49-9094.00,Locksmiths and Safe Repairers,1.1551620010338295,0.12357421543752926,-0.04913739867460401
49-9095.00,Manufactured Building and Mobile Home Installers,2.514730182750023,0.6489041981312272,0.9745165616877931
49-9096.00,Riggers,1.6752179607872464,-0.5420439359893929,0.09921234557030674
49-9097.00,Signal and Track Switch Repairers,1.4608761488721609,-0.3440694884935348,-0.9624370735484886
49-9098.00,"Helpers--Installation, Maintenance, and Repair Workers",1.4269081727395139,-0.6980057107956851,-0.4199699654750743
49-9099.01,Geothermal Technicians,1.7869201710106295,0.7685106856402901,-0.6473038912416567
51-1011.00,First-Line Supervisors of Production and Operating Workers,1.044183317325311,0.8862649206432198,0.5214369583838846
51-2011.00,"Aircraft Structure, Surfaces, Rigging, and Systems Assemblers",1.0041361736722056,-0.1426240228169983,-0.8756304137703678
51-2021.00,"Coil Winders, Tapers, and Finishers",0.28200642637814516,-1.3006168481877025,-0.7007793912379012
51-2022.00,Electrical and Electronic Equipment Assemblers,0.10265800348818327,-0.9146961259338284,-1.195852797836494
51-2023.00,Electromechanical Equipment Assemblers,0.14361606378510497,-0.8905279622694986,-1.6479275349289428
51-2031.00,Engine and Other Machine Assemblers,0.9794883406765416,-0.8928451277187884,-0.9067613622926353
51-2041.00,Structural Metal Fabricators and Fitters,0.728164568697435,-1.1452183096422432,-0.7562496672383769
51-2051.00,Fiberglass Laminators and Fabricators,1.1172695476006353,-0.7687581705448064,-0.35804742992253114
51-2061.00,Timing Device Assemblers and Adjusters,-0.210986553128706,-1.051008434514855,-1.8234420963510696
51-2092.00,Team Assemblers,0.5085643712938339,-0.6755596564485592,-0.6194311829706116
51-3011.00,Bakers,-0.16059376778705847,-1.647959636082978,-0.6589355676765237
51-3021.00,Butchers and Meat Cutters,0.464537345928661,-1.0937662768029155,0.2865190808593695
51-3022.00,"Meat, Poultry, and Fish Cutters and Trimmers",0.6806944943983816,-1.0603763433359072,0.3746550672072879
51-3023.00,Slaughterers and Meat Packers,-0.14256259740432092,-2.4895799888604673,-0.6705494685228757
51-3091.00,"Food and Tobacco Roasting, Baking, and Drying Machine Operators and Tenders",0.6297447776200399,-0.8276488173039518,-0.5926228716169265
51-3092.00,Food Batchmakers,0.5013033588888688,-0.715427675853366,-0.7373811389617769
51-3093.00,Food Cooking Machine Operators and Tenders,0.36591575042518854,-1.0585680082906412,-0.7765203853238554
51-4021.00,"Extruding and Drawing Machine Setters, Operators, and Tenders, Metal and Plastic",1.2829301689582149,-0.8743899715815271,-0.6896408866362569
51-4022.00,"Forging Machine Setters, Operators, and Tenders, Metal and Plastic",0.3995082822303579,-1.212898413209225,-1.5151039297140052
51-4023.00,"Rolling Machine Setters, Operators, and Tenders, Metal and Plastic",1.4655468437604666,-0.1179690552793355,-0.7000206360359055
51-4031.00,"Cutting, Punching, and Press Machine Setters, Operators, and Tenders, Metal and Plastic",0.5600337995104819,-1.5141122424351454,-1.5327995392391036
51-4032.00,"Drilling and Boring Machine Tool Setters, Operators, and Tenders, Metal and Plastic",0.7960314043777177,-0.41898140427949815,-1.5371550112105088
51-4033.00,"Grinding, Lapping, Polishing, and Buffing Machine Tool Setters, Operators, and Tenders, Metal and Plastic",0.780993889450526,-0.7981088648691592,-1.398854535349933
51-4034.00,"Lathe and Turning Machine Tool Setters, Operators, and Tenders, Metal and Plastic",0.6347231688223535,-0.6545165773510991,-1.1625462279340433
51-4035.00,"Milling and Planing Machine Setters, Operators, and Tenders, Metal and Plastic",0.8319537569739943,-0.7900161758253483,-1.2759505656561687
51-4041.00,Machinists,0.7735687942148104,-0.47102746082904495,-1.4195269986156946
51-4051.00,Metal-Refining Furnace Operators and Tenders,1.4832636352544537,-0.4449434638722566,-0.7631451175798963
51-4052.00,"Pourers and Casters, Metal",0.574284612080502,-1.4626011092964877,-1.189074257658283
51-4061.00,"Model Makers, Metal and Plastic",0.6228059858195389,-0.5814256223790306,-2.372082297375699
51-4062.00,"Patternmakers, Metal and Plastic",0.6654700038375361,-0.2530965704774395,-1.3621953492855956
51-4071.00,Foundry Mold and Coremakers,1.001750482659215,-1.4491467318659674,-0.4555970537680671
51-4072.00,"Molding, Coremaking, and Casting Machine Setters, Operators, and Tenders, Metal and Plastic",0.9179816483331521,-1.021727947208589,-1.0985150586392187
51-4081.00,"Multiple Machine Tool Setters, Operators, and Tenders, Metal and Plastic",0.9499929738893473,0.054766622707954696,-1.1311906611273934
51-4111.00,Tool and Die Makers,0.6721289941858226,-0.23721141554443684,-1.8296702146372932
51-4121.00,"Welders, Cutters, Solderers, and Brazers",0.4816633526112261,-1.517943389499592,-1.3289556244188017
51-4122.00,"Welding, Soldering, and Brazing Machine Setters, Operators, and Tenders",1.0104603435932993,-0.7402334621121414,-0.9647779968373407
51-4191.00,"Heat Treating Equipment Setters, Operators, and Tenders, Metal and Plastic",1.171965186358051,-0.7724022380838275,-0.9158774730533705
51-4192.00,"Layout Workers, Metal and Plastic",1.1566533346906713,-0.23642873601580242,-0.9660742434861336
51-4193.00,"Plating Machine Setters, Operators, and Tenders, Metal and Plastic",0.8513675127138717,-0.7611314772752064,-0.5314208397310438
51-4194.00,"Tool Grinders, Filers, and Sharpeners",0.5538187768725645,-0.7336952274243874,-1.9184023603467735
51-5111.00,Prepress Technicians and Workers,-0.5452384074864579,-0.28690942213348375,-1.420339462455984
51-5112.00,Printing Press Operators,0.8274658091484146,-0.3956590333471639,-0.7986920982694303
51-5113.00,Print Binding and Finishing Workers,0.6238503032901539,-0.7585863717411647,-0.8088177428915552
51-6011.00,Laundry and Dry-Cleaning Workers,-0.31738323454887707,-2.0762666973333235,-0.5524020931096421
51-6021.00,"Pressers, Textile, Garment, and Related Materials",-0.2544216096989688,-2.6325474386073893,-1.2780665866386975
51-6031.00,Sewing Machine Operators,-0.3822688286620787,-2.0146712291618587,-1.6451873879118497
51-6041.00,Shoe and Leather Workers and Repairers,-0.09263798073648112,-1.5542261965725566,-0.8349651181414571
51-6042.00,Shoe Machine Operators and Tenders,0.3481432297557435,-1.15486272339599,-0.7045888016818931
51-6051.00,"Sewers, Hand",-0.5932180976941739,-1.8538322949403194,-1.6591514162547953
51-6052.00,"Tailors, Dressmakers, and Custom Sewers",-0.5353795353074745,-1.4514347645580934,-1.0355288625501962
51-6061.00,Textile Bleaching and Dyeing Machine Operators and Tenders,0.7665571165086579,-1.0573688532415124,-1.2467940785254532
51-6062.00,"Textile Cutting Machine Setters, Operators, and Tenders",0.6630710432831393,-1.0947123502101832,-1.3797891519225378
51-6063.00,"Textile Knitting and Weaving Machine Setters, Operators, and Tenders",0.2692649459129129,-1.4160519324170209,-1.1324185968289575
51-6064.00,"Textile Winding, Twisting, and Drawing Out Machine Setters, Operators, and Tenders",0.5580299803596909,-1.5781631641962264,-1.0778545402234365
51-6091.00,"Extruding and Forming Machine Setters, Operators, and Tenders, Synthetic and Glass Fibers",1.051109324120872,-0.4738064786611999,-0.4965982844098274
51-6092.00,Fabric and Apparel Patternmakers,-0.11468413968964569,0.3086018316818053,-1.2199468309759234
51-6093.00,Upholsterers,0.6552515596656541,-0.8891437102503948,-0.804451195554214
51-7011.00,Cabinetmakers and Bench Carpenters,0.93630926767904,-0.7943343524641655,-1.482652512068936
51-7021.00,Furniture Finishers,0.7003139437763685,-0.8260171483546059,-0.6225117633103506
51-7031.00,"Model Makers, Wood",0.574243396041119,-0.5047312850261351,-1.319726188550414
51-7032.00,"Patternmakers, Wood",0.8723021912555464,-0.21116593903488418,-1.3702652956907049
51-7041.00,"Sawing Machine Setters, Operators, and Tenders, Wood",0.7032171614972481,-1.6394567033294918,-1.3383346422612612
51-7042.00,"Woodworking Machine Setters, Operators, and Tenders, Except Sawing",0.8917510785427997,-1.3664985828572278,-1.4484055188324128
51-8011.00,Nuclear Power Reactor Operators,0.5654838683429733,1.1707590316664487,-0.8695387240368309
51-8012.00,Power Distributors and Dispatchers,0.19181132039386017,0.6558552411373509,-0.5846537926828035
51-8013.00,Power Plant Operators,1.3835865205564597,0.15311498266204918,-0.6058260735978729
51-8013.03,Biomass Plant Technicians,1.5464151208372352,0.39622229132160613,-0.6499403744652792
51-8013.04,Hydroelectric Plant Technicians,1.6877143299398645,0.6598560991917551,-0.4998909932659233
51-8021.00,Stationary Engineers and Boiler Operators,1.5750856437903442,0.4111577540910128,-0.22468147675362515
51-8031.00,Water and Wastewater Treatment Plant and System Operators,1.4250313464962407,0.4384676104925153,-0.2197629626038791
51-8091.00,Chemical Plant and System Operators,1.7029945511939277,1.0315386187133857,-0.5142487930392686
51-8092.00,Gas Plant Operators,1.3626111134868903,0.5755337033925062,-0.6882502520045037
51-8093.00,"Petroleum Pump System Operators, Refinery Operators, and Gaugers",1.517607292028184,0.17584982495654625,-0.7568338072670808
51-8099.01,Biofuels Processing Technicians,1.7004229940518554,0.4563682637137716,-0.3080777267531343
51-9011.00,Chemical Equipment Operators and Tenders,1.31746821066944,-0.20559120250029317,-0.9536224495293808
51-9012.00,"Separating, Filtering, Clarifying, Precipitating, and Still Machine Setters, Operators, and Tenders",1.4005566736606916,-0.3422310533254821,-0.6020459234128206
51-9021.00,"Crushing, Grinding, and Polishing Machine Setters, Operators, and Tenders",1.072189609202579,-0.7814957231050936,-0.7682672175223266
51-9022.00,"Grinding and Polishing Workers, Hand",1.0615667733291185,-0.40861876836854605,-0.9910783588639279
51-9023.00,"Mixing and Blending Machine Setters, Operators, and Tenders",1.134632520742856,-0.7539910310730115,-0.6170405609196562
51-9031.00,"Cutters and Trimmers, Hand",-0.5046033642183987,-1.9383491474548682,-1.371856372500323
51-9032.00,"Cutting and Slicing Machine Setters, Operators, and Tenders",1.4739849198480763,-0.16169393690106623,-0.3739159859231127
51-9041.00,"Extruding, Forming, Pressing, and Compacting Machine Setters, Operators, and Tenders",1.1766013448560246,-0.6274367551872435,-0.774100098736803
51-9051.00,"Furnace, Kiln, Oven, Drier, and Kettle Operators and Tenders",0.7260857972386192,-1.0034203671513664,-0.6643113038586723
51-9061.00,"Inspectors, Testers, Sorters, Samplers, and Weighers",0.6291217214190647,-0.35423409924700466,-0.5690329487756293
51-9071.00,Jewelers and Precious Stone and Metal Workers,-0.15670781318478139,-0.5891578877113985,-0.5207332478096488
51-9071.06,Gem and Diamond Workers,-0.5173880764982354,-0.19791089777542478,-1.1665732946503933
51-9081.00,Dental Laboratory Technicians,0.300275073731522,0.12477542657105212,-1.0081887220053312
51-9082.00,Medical Appliance Technicians,0.5893145818450497,0.4153754745289086,-0.6695421015754822
51-9083.00,Ophthalmic Laboratory Technicians,0.02048157560208178,-0.994283155145185,-1.03769305612911
51-9111.00,Packaging and Filling Machine Operators and Tenders,0.9241051001240455,-0.9552117354358693,-0.1697575220198265
51-9123.00,"Painting, Coating, and Decorating Workers",-0.4692604772680356,-1.7646128866825819,-0.9251436638197525
51-9124.00,"Coating, Painting, and Spraying Machine Setters, Operators, and Tenders",1.0442850809336501,-1.0305350447528048,-0.9678790540491077
51-9141.00,Semiconductor Processing Technicians,0.4587455621441903,-0.2908150056045913,-0.8772688749541206
51-9151.00,Photographic Process Workers and Processing Machine Operators,0.18306598907095073,-0.46575998561052295,-0.7038429567637629
51-9161.00,Computer Numerically Controlled Tool Operators,1.137694192460644,0.08494089556657515,-1.4639623130592887
51-9162.00,Computer Numerically Controlled Tool Programmers,0.5683939496994769,0.43199839525946054,-1.8175084982683944
51-9191.00,Adhesive Bonding Machine Operators and Tenders,1.2497810408482966,-0.7862859731010965,-0.43318728782110644
51-9192.00,"Cleaning, Washing, and Metal Pickling Equipment Operators and Tenders",0.5757119193968296,-1.3487985301503747,-0.5606606474900092
51-9193.00,Cooling and Freezing Equipment Operators and Tenders,1.2288918183461712,-0.07818969610569892,-0.7411605838555468
51-9194.00,Etchers and Engravers,0.1978695748796546,-0.6771774764324638,-1.325825665774922
51-9195.00,"Molders, Shapers, and Casters, Except Metal and Plastic",0.6516912950467401,-1.4047768317168956,-0.9320380580225934
51-9195.03,"Stone Cutters and Carvers, Manufacturing",0.9989582588941118,-0.45435413559684357,-0.5125698147588712
51-9195.04,"Glass Blowers, Molders, Benders, and Finishers",0.5373710748829386,-0.5803460128002897,-1.334007220067876
51-9195.05,"Potters, Manufacturing",0.11098012930859763,-1.2687304652683749,-1.1039338823110987
51-9196.00,"Paper Goods Machine Setters, Operators, and Tenders",0.8893962059838925,-0.8224103847923904,-0.47071998762177736
51-9197.00,Tire Builders,0.9653590891851412,-1.3870282361189135,-0.5681800087843641
51-9198.00,Helpers--Production Workers,0.7493332901043671,-1.338327457730931,-0.24913390235974886
53-1041.00,Aircraft Cargo Handling Supervisors,1.4419638515452013,0.6389825477118245,1.35899528845772
53-1042.00,"First-Line Supervisors of Helpers, Laborers, and Material Movers, Hand",0.4953675185804255,0.26536704985338677,0.6489699048036366
53-1042.01,Recycling Coordinators,0.24861684707261622,0.5348819143174504,0.9526940216640662
53-1043.00,First-Line Supervisors of Material-Moving Machine and Vehicle Operators,0.8179960258044379,0.8861778510887183,1.3507223140414382
53-1044.00,First-Line Supervisors of Passenger Attendants,0.9235812638185822,0.8385655553234516,2.0774668610399742
53-2011.00,"Airline Pilots, Copilots, and Flight Engineers",1.9260603032360444,1.5068647558363106,-0.028784447642935484
53-2012.00,Commercial Pilots,1.8971652230436074,1.4834614577555671,0.34148691472649734
53-2021.00,Air Traffic Controllers,0.13778532577491234,1.3260562814405024,-0.017431544110923926
53-2022.00,Airfield Operations Specialists,0.992880056820623,0.8216548248997015,1.1043876818544125
53-2031.00,Flight Attendants,0.7340293543203703,-0.6186193549594136,2.2175279607057514
53-3011.00,"Ambulance Drivers and Attendants, Except Emergency Medical Technicians",1.4121765427277573,-0.2540513091755255,2.0537849402466124
53-3031.00,Driver/Sales Workers,0.40069864570438735,-1.3906041330338461,0.17051736447329632
53-3032.00,Heavy and Tractor-Trailer Truck Drivers,1.3058503861201403,-0.9258122593368353,-0.17693460472569583
53-3033.00,Light Truck Drivers,0.7190154845565031,-1.092659106598939,-0.00702840185883162
53-3051.00,"Bus Drivers, School",0.7067986702053095,-1.1490995517701978,0.514255102071166
53-3052.00,"Bus Drivers, Transit and Intercity",0.6872147734870938,-1.1440610193635432,0.4880238376386083
53-3053.00,Shuttle Drivers and Chauffeurs,0.8169320153645511,-0.851664431872566,1.0206842738824669
53-4011.00,Locomotive Engineers,1.7096731542552637,0.09757379723288542,-0.0940761949807563
53-4013.00,"Rail Yard Engineers, Dinkey Operators, and Hostlers",1.7188389222366063,0.06080260904257319,0.20996124208932934
53-4022.00,"Railroad Brake, Signal, and Switch Operators and Locomotive Firers",1.6017197922462556,-0.9046283738826192,0.5053351789872103
53-4031.00,Railroad Conductors and Yardmasters,1.0359492090623705,-0.08214765272498006,0.5324859769825522
53-4041.00,Subway and Streetcar Operators,1.3510125025669446,-0.7340355248476528,0.4169820165334599
53-5011.00,Sailors and Marine Oilers,1.8545635748507572,-0.3304514508967016,-0.09649547905814163
53-5021.00,"Captains, Mates, and Pilots of Water Vessels",1.981736894559265,0.6425418530701978,0.6658723316630918
53-5022.00,Motorboat Operators,1.5199181909806037,-0.3076394100542578,0.4474756989771496
53-5031.00,Ship Engineers,1.8761927257908995,0.7178990414903001,-0.15656793171282327
53-6011.00,Bridge and Lock Tenders,0.29477448434883885,-1.1839772502238326,-0.3134956647413486
53-6021.00,Parking Attendants,0.06486487531132634,-1.779424459381455,0.19970009247900963
53-6031.00,Automotive and Watercraft Service Attendants,1.1469236757086734,-0.7319470262953786,0.20385205286576583
53-6032.00,Aircraft Service Attendants,1.3846245681380815,-0.6916209925261516,0.12095025352656892
53-6041.00,Traffic Technicians,0.46829259802487067,0.6559868998102913,-0.48920139615752056
53-6051.00,Transportation Inspectors,0.5966304597266068,0.4074653426977055,-0.17310859508952275
53-6051.01,Aviation Inspectors,1.4244475479037142,1.2894317988600568,0.37877896151316626
53-6051.07,"Transportation Vehicle, Equipment and Systems Inspectors, Except Aviation",1.1125641550471832,-0.4777826710038295,-0.11667964058247869
53-6061.00,Passenger Attendants,-0.0036873988557240855,-1.3101021713487777,1.1218037028863177
53-7011.00,Conveyor Operators and Tenders,1.0489501627840214,-0.8341838197794222,-0.6474545268238889
53-7021.00,Crane and Tower Operators,1.8080999254434083,-0.11997240360838551,0.060666540372256446
53-7031.00,Dredge Operators,0.9328916487222124,-1.060372408518129,-0.8894321129010607
53-7041.00,Hoist and Winch Operators,1.4575817793273789,-0.24471600120457268,-0.4229577265815059
53-7051.00,Industrial Truck and Tractor Operators,1.3869623269882914,-0.8750707792301851,-0.21759775300864034
53-7061.00,Cleaners of Vehicles and Equipment,0.6126219591755354,-1.7396150994958037,-0.0925165896981641
53-7062.00,"Laborers and Freight, Stock, and Material Movers, Hand",0.7334854418577588,-1.6614469960268043,-0.09822215113433445
53-7062.04,Recycling and Reclamation Workers,1.0473952988771826,-1.2344572162589842,-0.20100119444268186
53-7063.00,Machine Feeders and Offbearers,0.21577182396414857,-1.849871991344593,-1.0702773275313489
53-7064.00,"Packers and Packagers, Hand",0.28263200563584984,-1.578251428449819,-0.30997471869776566
53-7065.00,Stockers and Order Fillers,0.16673984252129354,-1.583260687699273,0.49137267340583773
53-7071.00,Gas Compressor and Gas Pumping Station Operators,1.6737235083331428,0.4006574449283485,-0.5805761052067479
53-7072.00,"Pump Operators, Except Wellhead Pumpers",1.4837658105572538,0.24215325082093422,-0.656742500946702
53-7073.00,Wellhead Pumpers,1.1206863015484994,-0.4227909940331445,-0.6374482648763296
53-7081.00,Refuse and Recyclable Material Collectors,0.36843688923310974,-2.6245600831503415,-0.6093014438208786
53-7121.00,"Tank Car, Truck, and Ship Loaders",1.9782090152281857,-0.004688726358686275,0.06137424051128936
